Timestamp,VehicleSpeedKPH,SpeedLimitKPH,Zone
2026-03-08 05:06:11,0.00,120,Open Road
2026-03-08 05:06:13,0.00,120,Open Road
2026-03-08 05:06:15,0.00,120,Open Road
2026-03-08 05:06:17,0.00,120,Open Road
2026-03-08 05:06:19,0.00,120,Open Road
2026-03-08 05:06:21,16.32,120,Open Road
2026-03-08 05:06:23,31.11,120,Open Road
2026-03-08 05:06:25,0.00,120,Open Road
2026-03-08 05:06:27,51.63,120,Open Road
2026-03-08 05:06:29,112.02,120,Open Road
2026-03-08 05:06:31,111.68,120,Open Road
2026-03-08 05:06:33,91.60,120,Open Road
2026-03-08 05:06:36,80.86,120,Open Road
2026-03-08 05:06:38,37.42,120,Open Road
2026-03-08 05:06:40,17.36,120,Open Road
2026-03-08 05:06:42,0.00,120,Open Road
2026-03-08 05:06:44,23.43,120,Open Road
2026-03-08 05:07:01,0.00,120,Open Road
2026-03-08 05:07:03,2.77,120,Open Road
2026-03-08 05:07:05,0.00,120,Open Road
2026-03-08 05:07:07,2.97,120,Open Road
2026-03-08 05:07:09,0.00,40,Village Area
2026-03-08 05:07:11,13.13,120,Open Road
2026-03-08 05:07:13,73.58,120,Open Road
2026-03-08 05:07:15,120.00,120,Open Road
2026-03-08 05:07:21,0.00,120,Open Road
2026-03-08 05:07:23,0.00,120,Open Road
2026-03-08 05:07:25,0.00,120,Open Road
2026-03-08 05:07:27,0.00,120,Open Road
2026-03-08 05:07:29,3.94,120,Open Road
2026-03-08 05:07:31,0.00,40,Village Area
2026-03-08 05:07:33,0.00,40,Village Area
2026-03-08 05:07:35,0.00,40,Village Area
2026-03-08 05:07:37,33.98,120,Open Road
2026-03-08 05:07:39,72.76,120,Open Road
2026-03-08 05:08:24,0.00,120,Open Road
2026-03-08 05:08:26,0.00,120,Open Road
2026-03-08 05:08:28,0.00,120,Open Road
2026-03-08 05:08:30,30.17,120,Open Road
2026-03-08 05:08:32,58.57,120,Open Road
2026-03-08 05:08:34,99.58,120,Open Road
2026-03-08 05:08:36,88.27,120,Open Road
2026-03-08 05:08:38,0.00,120,Open Road
2026-03-08 05:08:40,0.00,120,Open Road
2026-03-08 05:08:42,23.21,120,Open Road
2026-03-08 05:08:44,3.12,120,Open Road
2026-03-08 05:08:53,0.00,120,Open Road
2026-03-08 05:08:55,0.00,120,Open Road
2026-03-08 05:08:57,12.90,120,Open Road
2026-03-08 05:08:59,37.02,120,Open Road
2026-03-08 05:09:03,0.00,120,Open Road
2026-03-08 05:09:05,0.00,120,Open Road
2026-03-08 05:09:07,2.38,120,Open Road
2026-03-08 05:14:55,0.00,120,Open Road
2026-03-08 05:14:57,0.00,120,Open Road
2026-03-08 05:14:59,0.00,120,Open Road
2026-03-08 05:15:01,0.00,120,Open Road
2026-03-08 05:15:03,0.00,120,Open Road
2026-03-08 05:15:05,0.00,120,Open Road
2026-03-08 05:15:07,0.00,120,Open Road
2026-03-08 05:15:09,0.00,120,Open Road
2026-03-08 05:15:11,0.00,120,Open Road
2026-03-08 05:15:13,0.00,120,Open Road
2026-03-08 05:15:15,5.39,120,Open Road
2026-03-08 05:15:17,8.71,120,Open Road
2026-03-08 05:15:19,28.72,120,Open Road
2026-03-08 05:15:21,0.00,120,Open Road
2026-03-08 05:15:23,0.00,120,Open Road
2026-03-08 05:15:25,0.00,120,Open Road
2026-03-08 05:15:27,0.00,120,Open Road
2026-03-08 05:15:29,0.00,120,Open Road
2026-03-08 05:15:31,0.00,120,Open Road
2026-03-08 05:15:33,0.00,120,Open Road
2026-03-08 05:15:35,0.00,120,Open Road
2026-03-08 05:15:37,0.00,120,Open Road
2026-03-08 05:15:39,0.00,120,Open Road
2026-03-08 05:15:41,0.00,120,Open Road
2026-03-08 05:15:43,0.00,120,Open Road
2026-03-08 05:15:45,0.00,120,Open Road
2026-03-08 05:15:47,0.00,120,Open Road
2026-03-08 05:15:49,0.00,120,Open Road
2026-03-08 05:15:51,0.00,120,Open Road
2026-03-08 05:15:53,0.00,120,Open Road
2026-03-08 05:15:55,0.00,120,Open Road
2026-03-08 05:15:57,0.00,120,Open Road
2026-03-08 05:15:59,0.00,120,Open Road
2026-03-08 05:16:01,0.00,120,Open Road
2026-03-08 05:16:03,0.00,120,Open Road
2026-03-08 05:16:05,0.00,120,Open Road
2026-03-08 05:16:07,0.00,120,Open Road
2026-03-08 05:16:09,0.00,120,Open Road
2026-03-08 05:16:11,15.24,120,Open Road
2026-03-08 05:16:13,45.51,120,Open Road
2026-03-08 05:16:15,75.60,120,Open Road
2026-03-08 05:16:17,105.72,120,Open Road
2026-03-08 05:16:19,120.00,120,Open Road
2026-03-08 05:16:21,120.00,120,Open Road
2026-03-08 05:16:23,120.00,120,Open Road
2026-03-08 05:16:25,120.00,120,Open Road
2026-03-08 05:16:27,120.00,120,Open Road
2026-03-08 05:16:29,114.80,120,Open Road
2026-03-08 05:16:31,51.30,120,Open Road
2026-03-08 05:16:33,41.22,120,Open Road
2026-03-08 05:16:35,31.18,120,Open Road
2026-03-08 05:16:37,21.11,120,Open Road
2026-03-08 05:16:39,48.41,120,Open Road
2026-03-08 05:16:41,74.53,120,Open Road
2026-03-08 05:16:43,78.40,120,Open Road
2026-03-08 05:16:45,94.26,120,Open Road
2026-03-08 05:16:47,119.08,120,Open Road
2026-03-08 05:16:49,112.80,120,Open Road
2026-03-08 05:16:51,102.79,120,Open Road
2026-03-08 05:16:53,92.73,120,Open Road
2026-03-08 05:16:55,83.04,120,Open Road
2026-03-08 05:16:57,72.42,120,Open Road
2026-03-08 05:16:59,62.38,120,Open Road
2026-03-08 05:17:01,52.32,120,Open Road
2026-03-08 05:17:03,42.32,120,Open Road
2026-03-08 05:17:05,32.30,120,Open Road
2026-03-08 05:17:08,22.26,120,Open Road
2026-03-08 05:17:10,12.25,120,Open Road
2026-03-08 05:17:12,2.24,120,Open Road
2026-03-08 05:17:14,0.00,120,Open Road
2026-03-08 05:17:16,6.76,120,Open Road
2026-03-08 05:17:18,36.87,120,Open Road
2026-03-08 05:17:20,58.69,120,Open Road
2026-03-08 05:17:22,69.15,120,Open Road
2026-03-08 05:17:24,76.72,120,Open Road
2026-03-08 05:17:26,92.33,120,Open Road
2026-03-08 05:17:28,120.00,120,Open Road
2026-03-08 05:17:30,116.95,120,Open Road
2026-03-08 05:17:32,106.89,120,Open Road
2026-03-08 05:17:34,96.80,120,Open Road
2026-03-08 05:17:36,86.74,120,Open Road
2026-03-08 05:17:38,76.71,120,Open Road
2026-03-08 05:17:40,66.66,120,Open Road
2026-03-08 05:17:42,56.64,120,Open Road
2026-03-08 05:17:44,46.57,120,Open Road
2026-03-08 05:17:46,36.56,120,Open Road
2026-03-08 05:17:48,26.54,120,Open Road
2026-03-08 05:17:50,16.47,120,Open Road
2026-03-08 05:17:52,6.44,120,Open Road
2026-03-08 05:17:54,0.00,120,Open Road
2026-03-08 05:17:56,0.00,120,Open Road
2026-03-08 05:17:58,0.00,120,Open Road
2026-03-08 05:18:00,0.00,120,Open Road
2026-03-08 05:18:02,0.00,120,Open Road
2026-03-08 05:18:04,0.00,120,Open Road
2026-03-08 05:18:06,0.00,120,Open Road
2026-03-08 05:18:08,17.24,120,Open Road
2026-03-08 05:18:10,47.48,120,Open Road
2026-03-08 05:18:12,77.70,120,Open Road
2026-03-08 05:18:14,75.94,120,Open Road
2026-03-08 05:18:16,65.86,120,Open Road
2026-03-08 05:18:18,55.78,120,Open Road
2026-03-08 05:18:20,45.77,120,Open Road
2026-03-08 05:18:22,35.74,120,Open Road
2026-03-08 05:18:24,25.68,120,Open Road
2026-03-08 05:18:26,15.67,120,Open Road
2026-03-08 05:18:28,5.63,120,Open Road
2026-03-08 05:18:30,0.00,120,Open Road
2026-03-08 05:18:32,0.00,120,Open Road
2026-03-08 05:18:34,0.00,120,Open Road
2026-03-08 05:18:36,0.00,120,Open Road
2026-03-08 05:18:38,0.00,120,Open Road
2026-03-08 05:18:40,0.00,120,Open Road
2026-03-08 05:18:42,0.00,120,Open Road
2026-03-08 05:18:44,0.00,120,Open Road
2026-03-08 05:18:46,0.00,120,Open Road
2026-03-08 05:18:48,15.66,120,Open Road
2026-03-08 05:18:50,45.72,120,Open Road
2026-03-08 05:18:52,75.93,120,Open Road
2026-03-08 05:18:54,70.43,120,Open Road
2026-03-08 05:18:56,60.41,120,Open Road
2026-03-08 05:18:58,50.41,120,Open Road
2026-03-08 05:19:00,40.36,120,Open Road
2026-03-08 05:19:02,30.33,120,Open Road
2026-03-08 05:19:04,20.26,120,Open Road
2026-03-08 05:19:06,10.25,120,Open Road
2026-03-08 05:19:08,0.16,120,Open Road
2026-03-08 05:19:10,0.00,120,Open Road
2026-03-08 05:19:12,0.00,120,Open Road
2026-03-08 05:19:14,0.00,120,Open Road
2026-03-08 05:19:16,0.00,120,Open Road
2026-03-08 05:19:18,0.00,120,Open Road
2026-03-08 05:19:20,0.00,120,Open Road
2026-03-08 05:19:22,0.00,120,Open Road
2026-03-08 05:19:24,24.82,120,Open Road
2026-03-08 05:19:26,54.96,120,Open Road
2026-03-08 05:19:28,85.18,120,Open Road
2026-03-08 05:19:30,115.42,120,Open Road
2026-03-08 05:19:32,120.00,120,Open Road
2026-03-08 05:19:34,94.89,120,Open Road
2026-03-08 05:19:36,104.90,120,Open Road
2026-03-08 05:19:38,117.52,120,Open Road
2026-03-08 05:19:40,45.68,120,Open Road
2026-03-08 05:19:42,0.00,120,Open Road
2026-03-08 05:19:44,17.14,120,Open Road
2026-03-08 05:19:46,7.11,120,Open Road
2026-03-08 05:19:48,0.00,120,Open Road
2026-03-08 05:19:50,0.00,120,Open Road
2026-03-08 05:19:52,0.00,120,Open Road
2026-03-08 05:21:08,0.00,120,Open Road
2026-03-08 05:21:10,0.00,120,Open Road
2026-03-08 05:21:12,0.00,120,Open Road
2026-03-08 05:21:14,0.00,120,Open Road
2026-03-08 05:21:16,0.00,120,Open Road
2026-03-08 05:21:18,0.00,120,Open Road
2026-03-08 05:21:20,0.00,120,Open Road
2026-03-08 05:21:22,0.00,120,Open Road
2026-03-08 05:21:24,0.00,120,Open Road
2026-03-08 05:21:26,0.00,120,Open Road
2026-03-08 05:21:28,0.00,120,Open Road
2026-03-08 05:21:30,0.00,120,Open Road
2026-03-08 05:21:32,6.36,50,City Road
2026-03-08 05:21:34,0.44,50,City Road
2026-03-08 05:21:36,0.00,50,City Road
2026-03-08 05:21:38,4.01,40,Village Area
2026-03-08 05:21:40,0.00,40,Village Area
2026-03-08 05:21:42,0.00,40,Village Area
2026-03-08 05:21:44,9.66,120,Open Road
2026-03-08 05:21:46,39.77,120,Open Road
2026-03-08 05:21:48,31.40,120,Open Road
2026-03-08 05:21:50,21.37,120,Open Road
2026-03-08 05:21:52,11.33,120,Open Road
2026-03-08 05:21:54,1.29,120,Open Road
2026-03-08 05:21:56,0.00,120,Open Road
2026-03-08 05:21:58,24.46,120,Open Road
2026-03-08 05:22:00,54.51,120,Open Road
2026-03-08 05:22:02,84.72,120,Open Road
2026-03-08 05:22:04,105.31,120,Open Road
2026-03-08 05:22:06,95.25,120,Open Road
2026-03-08 05:22:08,85.21,120,Open Road
2026-03-08 05:22:10,75.17,120,Open Road
2026-03-08 05:22:12,65.08,120,Open Road
2026-03-08 05:22:14,55.00,120,Open Road
2026-03-08 05:22:16,44.95,120,Open Road
2026-03-08 05:22:18,34.99,120,Open Road
2026-03-08 05:22:20,24.82,120,Open Road
2026-03-08 05:22:22,14.77,120,Open Road
2026-03-08 05:22:24,4.72,120,Open Road
2026-03-08 05:22:26,0.00,120,Open Road
2026-03-08 05:22:28,0.00,120,Open Road
2026-03-08 05:22:30,0.00,120,Open Road
2026-03-08 05:22:32,0.00,120,Open Road
2026-03-08 05:22:34,0.00,120,Open Road
2026-03-08 05:22:36,0.00,120,Open Road
2026-03-08 05:22:38,0.00,120,Open Road
2026-03-08 05:22:40,0.00,120,Open Road
2026-03-08 05:22:42,0.00,120,Open Road
2026-03-08 05:22:44,0.00,120,Open Road
2026-03-08 05:22:46,0.00,120,Open Road
2026-03-08 05:22:48,0.00,120,Open Road
2026-03-08 05:22:50,0.00,120,Open Road
2026-03-08 05:22:52,0.00,120,Open Road
2026-03-08 05:22:54,0.00,120,Open Road
2026-03-08 05:22:57,0.00,120,Open Road
2026-03-08 05:22:59,0.00,120,Open Road
2026-03-08 05:23:01,0.00,120,Open Road
2026-03-08 05:23:03,0.00,120,Open Road
2026-03-08 05:23:05,0.00,120,Open Road
2026-03-08 05:23:07,0.00,120,Open Road
2026-03-08 05:23:09,0.00,120,Open Road
2026-03-08 05:23:11,0.00,120,Open Road
2026-03-08 05:23:13,0.00,120,Open Road
2026-03-08 05:23:15,0.00,120,Open Road
2026-03-08 05:23:17,0.00,120,Open Road
2026-03-08 05:23:19,0.00,120,Open Road
2026-03-08 05:23:21,0.00,120,Open Road
2026-03-08 05:23:23,0.00,120,Open Road
2026-03-08 05:23:25,0.00,120,Open Road
2026-03-08 05:23:27,0.00,120,Open Road
2026-03-08 05:23:29,0.00,120,Open Road
2026-03-08 05:23:31,0.00,120,Open Road
2026-03-08 05:23:33,0.00,120,Open Road
2026-03-08 05:23:35,0.00,120,Open Road
2026-03-08 05:23:37,0.00,120,Open Road
2026-03-08 05:23:39,0.00,120,Open Road
2026-03-08 05:23:41,0.00,120,Open Road
2026-03-08 05:23:43,0.00,120,Open Road
2026-03-08 05:23:45,0.00,120,Open Road
2026-03-08 05:23:47,0.00,120,Open Road
2026-03-08 05:23:49,0.00,120,Open Road
2026-03-08 05:23:51,0.00,120,Open Road
2026-03-08 05:23:53,0.00,120,Open Road
2026-03-08 05:23:55,0.00,120,Open Road
2026-03-08 05:23:57,0.00,120,Open Road
2026-03-08 05:23:59,0.00,120,Open Road
2026-03-08 05:24:01,0.00,120,Open Road
2026-03-08 05:24:03,0.00,120,Open Road
2026-03-08 05:24:05,0.00,120,Open Road
2026-03-08 05:24:07,0.00,120,Open Road
2026-03-08 05:24:09,0.00,120,Open Road
2026-03-08 05:24:11,0.00,120,Open Road
2026-03-08 05:24:13,0.00,120,Open Road
2026-03-08 05:24:15,0.00,120,Open Road
2026-03-08 05:24:17,0.00,120,Open Road
2026-03-08 05:24:19,0.00,120,Open Road
2026-03-08 05:24:21,0.00,120,Open Road
2026-03-08 05:24:23,0.00,120,Open Road
2026-03-08 05:24:25,0.00,120,Open Road
2026-03-08 05:24:27,0.00,120,Open Road
2026-03-08 05:24:29,0.00,120,Open Road
2026-03-08 05:24:31,0.00,120,Open Road
2026-03-08 05:24:33,0.00,120,Open Road
2026-03-08 05:24:35,0.00,120,Open Road
2026-03-08 05:24:37,0.00,120,Open Road
2026-03-08 05:24:39,0.00,120,Open Road
2026-03-08 05:24:41,0.00,120,Open Road
2026-03-08 05:24:43,0.00,120,Open Road
2026-03-08 05:24:45,0.00,120,Open Road
2026-03-08 05:24:47,0.00,120,Open Road
2026-03-08 05:24:49,0.00,120,Open Road
2026-03-08 05:24:51,0.00,120,Open Road
2026-03-08 05:24:53,0.00,120,Open Road
2026-03-08 05:24:55,0.00,120,Open Road
2026-03-08 05:24:57,0.00,120,Open Road
2026-03-08 05:24:59,0.00,120,Open Road
2026-03-08 05:25:01,0.00,120,Open Road
2026-03-08 05:25:03,0.00,120,Open Road
2026-03-08 05:25:05,0.00,120,Open Road
2026-03-08 05:25:07,0.00,120,Open Road
2026-03-08 05:25:09,0.00,120,Open Road
2026-03-08 05:25:11,0.00,120,Open Road
2026-03-08 05:25:13,0.00,120,Open Road
2026-03-08 05:25:15,0.00,120,Open Road
2026-03-08 05:25:17,0.00,120,Open Road
2026-03-08 05:25:19,0.00,120,Open Road
2026-03-08 05:25:21,0.00,120,Open Road
2026-03-08 05:25:23,0.00,120,Open Road
2026-03-08 05:25:25,0.00,120,Open Road
2026-03-08 05:25:27,0.00,120,Open Road
2026-03-08 05:25:29,0.00,120,Open Road
2026-03-08 05:25:31,0.00,120,Open Road
2026-03-08 05:25:33,0.00,120,Open Road
2026-03-08 05:25:35,0.00,120,Open Road
2026-03-08 05:25:37,0.00,120,Open Road
2026-03-08 05:25:39,0.00,120,Open Road
2026-03-08 05:25:41,0.00,120,Open Road
2026-03-08 05:25:43,0.00,120,Open Road
2026-03-08 05:25:45,0.00,120,Open Road
2026-03-08 05:25:47,0.00,120,Open Road
2026-03-08 05:25:49,0.00,120,Open Road
2026-03-08 05:25:51,0.00,120,Open Road
2026-03-08 05:25:53,0.00,120,Open Road
2026-03-08 05:25:55,0.00,120,Open Road
2026-03-08 05:25:57,0.00,120,Open Road
2026-03-08 05:25:59,0.00,120,Open Road
2026-03-08 05:26:01,0.00,120,Open Road
2026-03-08 05:26:03,0.00,120,Open Road
2026-03-08 05:26:05,0.00,120,Open Road
2026-03-08 05:30:39,0.00,120,Open Road
2026-03-08 05:30:41,0.00,120,Open Road
2026-03-08 05:30:43,0.00,120,Open Road
2026-03-08 05:30:45,0.00,120,Open Road
2026-03-08 05:30:47,0.00,120,Open Road
2026-03-08 05:30:49,0.00,120,Open Road
2026-03-08 05:30:51,0.00,120,Open Road
2026-03-08 05:30:53,0.00,120,Open Road
2026-03-08 05:30:55,0.00,120,Open Road
2026-03-08 05:30:57,0.00,120,Open Road
2026-03-08 05:30:59,0.00,120,Open Road
2026-03-08 05:31:01,0.00,120,Open Road
2026-03-08 05:31:03,0.00,120,Open Road
2026-03-08 05:31:05,0.00,120,Open Road
2026-03-08 05:31:07,0.00,120,Open Road
2026-03-08 05:31:09,0.00,120,Open Road
2026-03-08 05:31:11,0.00,120,Open Road
2026-03-08 05:31:13,0.00,120,Open Road
2026-03-08 05:31:15,0.00,120,Open Road
2026-03-08 05:31:17,0.00,120,Open Road
2026-03-08 05:31:19,0.00,120,Open Road
2026-03-08 05:31:21,0.00,120,Open Road
2026-03-08 05:31:23,0.00,120,Open Road
2026-03-08 05:31:25,0.00,120,Open Road
2026-03-08 05:31:27,0.00,120,Open Road
2026-03-08 05:31:29,0.00,120,Open Road
2026-03-08 05:31:31,0.00,120,Open Road
2026-03-08 05:31:33,0.00,120,Open Road
2026-03-08 05:31:35,0.00,120,Open Road
2026-03-08 05:31:37,0.00,120,Open Road
2026-03-08 05:31:39,0.00,120,Open Road
2026-03-08 05:31:41,0.00,120,Open Road
2026-03-08 05:31:43,0.00,120,Open Road
2026-03-08 05:31:45,0.00,120,Open Road
2026-03-08 05:31:47,0.00,120,Open Road
2026-03-08 05:31:49,0.00,120,Open Road
2026-03-08 05:31:51,0.00,120,Open Road
2026-03-08 05:31:53,0.00,120,Open Road
2026-03-08 05:31:55,0.00,120,Open Road
2026-03-08 05:31:57,0.00,120,Open Road
2026-03-08 05:31:59,0.00,120,Open Road
2026-03-08 05:32:01,0.00,120,Open Road
2026-03-08 05:32:03,0.00,120,Open Road
2026-03-08 05:32:05,0.00,120,Open Road
2026-03-08 05:32:07,0.00,120,Open Road
2026-03-08 05:32:09,0.00,120,Open Road
2026-03-08 05:32:11,0.00,120,Open Road
2026-03-08 05:32:13,0.00,120,Open Road
2026-03-08 05:32:15,0.00,120,Open Road
2026-03-08 05:32:17,0.00,120,Open Road
2026-03-08 05:32:19,0.00,120,Open Road
2026-03-08 05:32:21,0.00,120,Open Road
2026-03-08 05:32:23,0.00,120,Open Road
2026-03-08 05:32:25,0.00,120,Open Road
2026-03-08 05:32:27,0.00,120,Open Road
2026-03-08 05:32:30,0.00,120,Open Road
2026-03-08 05:32:32,0.00,120,Open Road
2026-03-08 05:32:34,0.00,120,Open Road
2026-03-08 05:32:36,0.00,120,Open Road
2026-03-08 05:32:38,0.00,120,Open Road
2026-03-08 05:32:40,0.00,120,Open Road
2026-03-08 05:32:42,0.00,120,Open Road
2026-03-08 05:32:44,0.00,120,Open Road
2026-03-08 05:32:46,0.00,120,Open Road
2026-03-08 05:32:48,0.00,120,Open Road
2026-03-08 05:32:50,0.00,120,Open Road
2026-03-08 05:32:52,0.00,120,Open Road
2026-03-08 05:32:54,0.00,120,Open Road
2026-03-08 05:32:56,0.00,120,Open Road
2026-03-08 05:32:58,0.00,120,Open Road
2026-03-08 05:33:00,0.00,120,Open Road
2026-03-08 05:33:02,0.00,120,Open Road
2026-03-08 05:33:04,0.00,120,Open Road
2026-03-08 05:33:06,0.00,120,Open Road
2026-03-08 05:33:08,0.00,120,Open Road
2026-03-08 05:33:10,0.00,120,Open Road
2026-03-08 05:33:12,0.00,120,Open Road
2026-03-08 05:33:14,0.00,120,Open Road
2026-03-08 05:33:16,0.00,120,Open Road
2026-03-08 05:33:18,0.00,120,Open Road
2026-03-08 05:33:20,0.00,120,Open Road
2026-03-08 05:33:22,0.00,120,Open Road
2026-03-08 05:33:24,0.00,120,Open Road
2026-03-08 05:33:26,0.00,120,Open Road
2026-03-08 05:33:28,0.00,120,Open Road
2026-03-08 05:33:30,0.00,120,Open Road
2026-03-08 05:33:32,0.00,120,Open Road
2026-03-08 05:33:34,0.00,120,Open Road
2026-03-08 05:33:36,0.00,120,Open Road
2026-03-08 05:33:38,0.00,120,Open Road
2026-03-08 05:33:40,0.00,120,Open Road
2026-03-08 05:33:42,0.00,120,Open Road
2026-03-08 05:33:44,0.00,120,Open Road
2026-03-08 05:33:46,0.00,120,Open Road
2026-03-08 05:33:48,0.00,120,Open Road
2026-03-08 05:33:50,0.00,120,Open Road
2026-03-08 05:33:52,0.00,120,Open Road
2026-03-08 05:33:54,0.00,120,Open Road
2026-03-08 05:33:56,0.00,120,Open Road
2026-03-08 05:33:58,0.00,120,Open Road
2026-03-08 05:34:00,0.00,120,Open Road
2026-03-08 05:34:02,0.00,120,Open Road
2026-03-08 05:34:04,0.00,120,Open Road
2026-03-08 05:34:06,0.00,120,Open Road
2026-03-08 05:34:08,0.00,120,Open Road
2026-03-08 05:34:10,0.00,120,Open Road
2026-03-08 05:34:12,0.00,120,Open Road
2026-03-08 05:34:14,0.00,120,Open Road
2026-03-08 05:34:16,0.00,120,Open Road
2026-03-08 05:34:18,0.00,120,Open Road
2026-03-08 05:34:20,0.00,120,Open Road
2026-03-08 05:34:22,0.00,120,Open Road
2026-03-08 05:34:24,0.00,120,Open Road
2026-03-08 05:34:26,0.00,120,Open Road
2026-03-08 05:34:28,0.00,120,Open Road
2026-03-08 05:34:30,0.00,120,Open Road
2026-03-08 05:34:32,0.00,120,Open Road
2026-03-08 05:34:34,0.00,120,Open Road
2026-03-08 05:34:36,0.00,120,Open Road
2026-03-08 05:34:38,0.00,120,Open Road
2026-03-08 05:34:40,0.00,120,Open Road
2026-03-08 05:34:42,0.00,120,Open Road
2026-03-08 05:34:44,0.00,120,Open Road
2026-03-08 05:34:46,0.00,120,Open Road
2026-03-08 05:34:48,0.00,120,Open Road
2026-03-08 05:34:50,0.00,120,Open Road
2026-03-08 05:34:52,0.00,120,Open Road
2026-03-08 05:34:54,0.00,120,Open Road
2026-03-08 05:34:56,0.00,120,Open Road
2026-03-08 05:34:58,0.00,120,Open Road
2026-03-08 05:35:00,0.00,120,Open Road
2026-03-08 05:35:02,0.00,120,Open Road
2026-03-08 05:35:04,0.00,120,Open Road
2026-03-08 05:35:06,0.00,120,Open Road
2026-03-08 05:35:08,0.00,120,Open Road
2026-03-08 05:35:10,0.00,120,Open Road
2026-03-08 05:35:12,0.00,120,Open Road
2026-03-08 05:35:14,0.00,120,Open Road
2026-03-08 05:35:16,0.00,120,Open Road
2026-03-08 05:35:18,0.00,120,Open Road
2026-03-08 05:35:20,0.00,120,Open Road
2026-03-08 05:35:22,0.00,120,Open Road
2026-03-08 05:35:24,0.00,120,Open Road
2026-03-08 05:35:26,0.00,120,Open Road
2026-03-08 05:35:28,0.00,120,Open Road
2026-03-08 05:35:30,0.00,120,Open Road
2026-03-08 05:35:32,0.00,120,Open Road
2026-03-08 05:35:34,0.00,120,Open Road
2026-03-08 05:35:36,0.00,120,Open Road
2026-03-08 05:51:49,0.00,120,Open Road
2026-03-08 05:51:51,0.00,120,Open Road
2026-03-08 05:51:53,0.97,120,Open Road
2026-03-08 05:51:55,14.13,40,Village Area
2026-03-08 05:51:57,-20.00,40,Village Area
2026-03-08 05:51:59,2.26,80,Highway
2026-03-08 05:52:01,11.99,80,Highway
2026-03-08 05:52:03,0.00,40,Village Area
2026-03-08 05:52:05,-20.00,120,Open Road
2026-03-08 05:52:07,-7.76,50,City Road
2026-03-08 05:52:09,0.46,50,City Road
2026-03-08 05:52:11,0.00,50,City Road
2026-03-08 05:52:14,0.00,50,City Road
2026-03-08 05:52:16,9.88,50,City Road
2026-03-08 05:52:18,38.77,80,Highway
2026-03-08 05:52:20,-20.00,80,Highway
2026-03-08 05:52:22,-19.76,50,City Road
2026-03-08 05:52:24,3.70,50,City Road
2026-03-08 05:52:26,23.65,50,City Road
2026-03-08 05:52:28,0.00,120,Open Road
2026-03-08 05:52:30,-20.00,30,School Zone
2026-03-08 05:52:32,-19.09,80,Highway
2026-03-08 05:52:34,9.95,80,Highway
2026-03-08 05:52:36,26.38,30,School Zone
2026-03-08 05:52:38,-20.00,40,Village Area
2026-03-08 05:52:40,-20.00,50,City Road
2026-03-08 05:52:42,0.00,40,Village Area
2026-03-08 05:52:44,3.69,40,Village Area
2026-03-08 05:52:46,33.85,40,Village Area
2026-03-08 05:52:48,0.00,40,Village Area
2026-03-08 05:52:50,-20.00,50,City Road
2026-03-08 05:52:52,5.46,50,City Road
2026-03-08 05:52:54,24.15,50,City Road
2026-03-08 05:52:56,-4.68,80,Highway
2026-03-08 05:52:58,-20.00,40,Village Area
2026-03-08 05:53:00,16.33,40,Village Area
2026-03-08 05:53:02,-18.28,30,School Zone
2026-03-08 05:53:04,1.44,40,Village Area
2026-03-08 05:53:06,27.54,40,Village Area
2026-03-08 05:53:08,-20.00,120,Open Road
2026-03-08 05:53:10,0.00,80,Highway
2026-03-08 05:53:12,21.99,50,City Road
2026-03-08 05:53:14,-10.68,40,Village Area
2026-03-08 05:53:16,-14.87,80,Highway
2026-03-08 05:53:18,28.90,120,Open Road
2026-03-08 05:53:20,0.00,40,Village Area
2026-03-08 05:53:22,-20.00,30,School Zone
2026-03-08 05:53:24,19.48,30,School Zone
2026-03-08 05:53:26,0.00,40,Village Area
2026-03-08 05:53:28,0.00,40,Village Area
2026-03-08 05:58:35,0.00,30,School Zone
2026-03-08 05:58:37,0.00,30,School Zone
2026-03-08 05:58:39,0.00,30,School Zone
2026-03-08 05:58:41,0.00,30,School Zone
2026-03-08 05:58:45,0.00,30,School Zone
2026-03-08 05:58:47,5.59,30,School Zone
2026-03-08 05:58:49,9.55,120,Open Road
2026-03-08 05:58:51,-15.00,30,School Zone
2026-03-08 05:58:53,-15.00,120,Open Road
2026-03-08 05:58:55,-13.27,80,Highway
2026-03-08 05:58:57,0.00,120,Open Road
2026-03-08 05:58:59,14.93,80,Highway
2026-03-08 05:59:01,27.58,30,School Zone
2026-03-08 05:59:03,25.53,120,Open Road
2026-03-08 05:59:05,-15.00,120,Open Road
2026-03-08 05:59:07,-15.00,30,School Zone
2026-03-08 05:59:09,-15.00,80,Highway
2026-03-08 05:59:11,0.00,120,Open Road
2026-03-08 05:59:13,0.00,120,Open Road
2026-03-08 05:59:15,11.78,80,Highway
2026-03-08 05:59:17,27.87,80,Highway
2026-03-08 05:59:19,-1.23,80,Highway
2026-03-08 05:59:21,-15.00,80,Highway
2026-03-08 05:59:23,-15.00,80,Highway
2026-03-08 05:59:25,-15.00,80,Highway
2026-03-08 05:59:27,-15.00,80,Highway
2026-03-08 05:59:29,7.15,80,Highway
2026-03-08 05:59:31,23.17,80,Highway
2026-03-08 05:59:33,39.29,80,Highway
2026-03-08 05:59:35,-14.15,80,Highway
2026-03-08 05:59:37,-15.00,80,Highway
2026-03-08 05:59:39,-15.00,80,Highway
2026-03-08 05:59:41,-15.00,80,Highway
2026-03-08 05:59:43,9.55,80,Highway
2026-03-08 05:59:45,23.40,120,Open Road
2026-03-08 05:59:47,-11.32,30,School Zone
2026-03-08 05:59:49,-15.00,120,Open Road
2026-03-08 05:59:51,-15.00,120,Open Road
2026-03-08 05:59:53,12.30,80,Highway
2026-03-08 05:59:55,28.36,50,City Road
2026-03-08 05:59:57,-15.00,50,City Road
2026-03-08 05:59:59,-15.00,50,City Road
2026-03-08 06:00:01,-15.00,120,Open Road
2026-03-08 06:00:03,10.72,80,Highway
2026-03-08 06:00:05,26.79,50,City Road
2026-03-08 06:00:07,0.00,50,City Road
2026-03-08 06:00:09,-15.00,50,City Road
2026-03-08 06:00:11,-15.00,50,City Road
2026-03-08 06:00:13,-13.99,80,Highway
2026-03-08 06:00:15,6.10,80,Highway
2026-03-08 06:00:17,22.14,120,Open Road
2026-03-08 06:00:19,38.18,120,Open Road
2026-03-08 06:00:21,-15.00,120,Open Road
2026-03-08 06:00:23,-15.00,30,School Zone
2026-03-08 06:00:25,-15.00,50,City Road
2026-03-08 06:00:27,-15.00,80,Highway
2026-03-08 06:00:29,8.20,80,Highway
2026-03-08 06:00:31,24.34,50,City Road
2026-03-08 06:00:33,40.42,120,Open Road
2026-03-08 06:00:35,-15.00,120,Open Road
2026-03-08 06:00:37,-15.00,120,Open Road
2026-03-08 06:00:39,-15.00,30,School Zone
2026-03-08 06:00:41,-8.80,50,City Road
2026-03-08 06:00:43,-0.75,120,Open Road
2026-03-08 06:00:45,5.00,50,City Road
2026-03-08 06:00:47,19.12,30,School Zone
2026-03-08 06:00:49,11.06,120,Open Road
2026-03-08 06:00:51,0.00,120,Open Road
2026-03-08 06:00:53,0.00,120,Open Road
2026-03-08 06:00:55,0.00,120,Open Road
2026-03-08 06:01:07,0.00,120,Open Road
2026-03-08 06:01:09,0.00,120,Open Road
2026-03-08 06:01:24,0.00,120,Open Road
2026-03-08 06:01:26,0.00,120,Open Road
2026-03-08 06:01:28,3.75,120,Open Road
2026-03-08 06:01:30,-15.00,30,School Zone
2026-03-08 06:01:32,-15.00,50,City Road
2026-03-08 06:01:34,-9.58,40,Village Area
2026-03-08 06:01:36,4.22,40,Village Area
2026-03-08 06:01:38,16.51,50,City Road
2026-03-08 06:01:40,8.46,30,School Zone
2026-03-08 06:01:42,0.45,120,Open Road
2026-03-08 06:01:44,0.00,120,Open Road
2026-03-08 06:01:46,0.00,120,Open Road
2026-03-08 06:01:48,0.00,120,Open Road
2026-03-08 06:01:50,0.00,120,Open Road
2026-03-08 06:01:52,-14.67,50,City Road
2026-03-08 06:01:54,-0.72,40,Village Area
2026-03-08 06:01:56,0.00,40,Village Area
2026-03-08 06:01:58,0.00,40,Village Area
2026-03-08 06:02:00,10.34,50,City Road
2026-03-08 06:02:02,26.40,80,Highway
2026-03-08 06:02:04,0.00,120,Open Road
2026-03-08 06:02:06,0.00,120,Open Road
2026-03-08 06:02:08,0.00,120,Open Road
2026-03-08 06:02:10,0.00,120,Open Road
2026-03-08 06:02:12,0.00,120,Open Road
2026-03-08 06:02:14,0.00,120,Open Road
2026-03-08 06:02:16,0.00,120,Open Road
2026-03-08 06:02:18,0.00,120,Open Road
2026-03-08 06:02:20,0.00,120,Open Road
2026-03-08 06:02:22,0.00,120,Open Road
2026-03-08 06:02:24,0.00,120,Open Road
2026-03-08 06:02:26,0.00,120,Open Road
2026-03-08 06:02:28,0.00,120,Open Road
2026-03-08 06:02:30,0.00,120,Open Road
2026-03-08 06:02:32,0.00,120,Open Road
2026-03-08 06:02:34,0.00,120,Open Road
2026-03-08 06:02:36,0.00,120,Open Road
2026-03-08 06:02:38,0.00,120,Open Road
2026-03-08 06:02:40,0.00,120,Open Road
2026-03-08 06:02:42,0.00,120,Open Road
2026-03-08 06:02:44,0.00,120,Open Road
2026-03-08 06:02:46,0.00,120,Open Road
2026-03-08 06:02:48,0.00,120,Open Road
2026-03-08 06:02:50,0.00,120,Open Road
2026-03-08 06:02:52,0.00,120,Open Road
2026-03-08 06:02:54,0.00,120,Open Road
2026-03-08 06:02:56,0.00,120,Open Road
2026-03-08 06:02:58,0.00,120,Open Road
2026-03-08 06:03:00,0.00,120,Open Road
2026-03-08 06:03:02,0.00,120,Open Road
2026-03-08 06:03:04,0.00,120,Open Road
2026-03-08 06:03:06,0.00,120,Open Road
2026-03-08 06:03:08,0.00,120,Open Road
2026-03-08 06:03:10,0.00,120,Open Road
2026-03-08 06:03:12,0.00,120,Open Road
2026-03-08 06:03:14,0.00,120,Open Road
2026-03-08 06:03:16,0.00,120,Open Road
2026-03-08 06:03:18,0.00,120,Open Road
2026-03-08 06:03:20,0.00,120,Open Road
2026-03-08 06:03:22,0.00,120,Open Road
2026-03-08 06:03:24,0.00,120,Open Road
2026-03-08 06:03:26,0.00,120,Open Road
2026-03-08 06:03:28,0.00,120,Open Road
2026-03-08 06:03:30,0.00,120,Open Road
2026-03-08 06:03:32,0.00,120,Open Road
2026-03-08 06:04:54,0.00,30,School Zone
2026-03-08 06:04:56,8.47,30,School Zone
2026-03-08 06:04:58,0.00,120,Open Road
2026-03-08 06:05:00,-15.00,120,Open Road
2026-03-08 06:05:02,-15.00,30,School Zone
2026-03-08 06:05:04,-15.00,80,Highway
2026-03-08 06:05:06,-15.00,120,Open Road
2026-03-08 06:05:08,11.99,120,Open Road
2026-03-08 06:05:10,-12.05,120,Open Road
2026-03-08 06:05:12,9.19,120,Open Road
2026-03-08 06:05:14,25.29,80,Highway
2026-03-08 06:05:17,31.30,120,Open Road
2026-03-08 06:05:19,-15.00,120,Open Road
2026-03-08 06:05:21,-15.00,120,Open Road
2026-03-08 06:05:23,-15.00,30,School Zone
2026-03-08 06:05:25,-5.47,50,City Road
2026-03-08 06:05:27,-14.26,40,Village Area
2026-03-08 06:05:29,5.71,40,Village Area
2026-03-08 06:05:31,21.82,50,City Road
2026-03-08 06:05:33,37.95,30,School Zone
2026-03-08 06:05:35,-15.00,80,Highway
2026-03-08 07:20:11,0.00,80,Highway
2026-03-08 07:20:13,1.84,80,Highway
2026-03-08 07:20:15,17.90,80,Highway
2026-03-08 07:20:17,33.94,50,City Road
2026-03-08 07:20:19,49.65,30,School Zone
2026-03-08 07:20:21,22.07,40,Village Area
2026-03-08 07:20:23,14.04,40,Village Area
2026-03-08 07:20:25,6.00,40,Village Area
2026-03-08 07:20:27,0.00,40,Village Area
2026-03-08 07:20:29,0.00,40,Village Area
2026-03-08 07:20:31,5.89,40,Village Area
2026-03-08 07:20:33,-15.00,40,Village Area
2026-03-08 07:20:35,-15.00,40,Village Area
2026-03-08 07:20:37,-15.00,40,Village Area
2026-03-08 07:20:39,-15.00,30,School Zone
2026-03-08 07:20:41,-15.00,30,School Zone
2026-03-08 07:20:43,-15.00,50,City Road
2026-03-08 07:20:45,-15.00,50,City Road
2026-03-08 07:20:47,-15.00,50,City Road
2026-03-08 07:20:49,-15.00,80,Highway
2026-03-08 07:20:51,-15.00,80,Highway
2026-03-08 07:20:53,5.90,80,Highway
2026-03-08 07:20:55,21.96,80,Highway
2026-03-08 07:20:57,38.06,50,City Road
2026-03-08 07:20:59,30.00,30,School Zone
2026-03-08 07:21:01,45.94,40,Village Area
2026-03-08 07:21:04,0.00,40,Village Area
2026-03-08 07:21:22,0.00,80,Highway
2026-03-08 07:21:24,11.29,80,Highway
2026-03-08 07:21:26,27.33,80,Highway
2026-03-08 07:21:28,43.41,50,City Road
2026-03-08 07:21:30,31.59,30,School Zone
2026-03-08 07:21:32,5.07,40,Village Area
2026-03-08 07:28:28,0.00,80,Highway
2026-03-08 07:28:30,0.00,80,Highway
2026-03-08 07:28:32,0.00,80,Highway
2026-03-08 07:28:34,0.00,80,Highway
2026-03-08 07:28:36,2.41,80,Highway
2026-03-08 07:28:38,18.42,50,City Road
2026-03-08 07:28:40,34.50,120,Open Road
2026-03-08 07:28:42,29.93,30,School Zone
2026-03-08 07:28:44,37.07,120,Open Road
2026-03-08 07:28:46,-4.92,120,Open Road
2026-03-08 07:28:48,-15.00,120,Open Road
2026-03-08 07:28:50,-15.00,120,Open Road
2026-03-08 07:28:52,-15.00,40,Village Area
2026-03-08 07:28:54,-15.00,30,School Zone
2026-03-08 07:28:56,-3.48,30,School Zone
2026-03-08 07:28:58,12.64,30,School Zone
2026-03-08 07:29:00,28.68,40,Village Area
2026-03-08 07:29:02,27.90,120,Open Road
2026-03-08 07:30:09,0.00,50,City Road
2026-03-08 07:30:11,4.08,50,City Road
2026-03-08 07:30:13,20.21,120,Open Road
2026-03-08 07:30:15,36.32,30,School Zone
2026-03-08 07:30:17,52.36,120,Open Road
2026-03-08 07:30:19,0.00,120,Open Road
2026-03-08 07:33:49,0.00,80,Highway
2026-03-08 07:33:51,4.49,80,Highway
2026-03-08 07:33:53,20.54,80,Highway
2026-03-08 07:33:55,36.66,80,Highway
2026-03-08 07:33:57,51.07,50,City Road
2026-03-08 07:33:59,0.00,50,City Road
2026-03-08 07:34:01,-15.00,50,City Road
2026-03-08 07:34:03,-15.00,50,City Road
2026-03-08 07:34:05,-15.00,50,City Road
2026-03-08 07:34:07,-15.00,50,City Road
2026-03-08 07:34:09,-15.00,50,City Road
2026-03-08 07:34:11,-11.58,80,Highway
2026-03-08 07:34:40,0.00,80,Highway
2026-03-08 07:34:42,9.26,80,Highway
2026-03-08 07:34:44,25.36,50,City Road
2026-03-08 07:34:46,30.00,30,School Zone
2026-03-08 07:34:48,9.22,40,Village Area
2026-03-08 07:34:50,15.55,40,Village Area
2026-03-08 07:34:52,8.34,120,Open Road
2026-03-08 07:34:54,4.84,120,Open Road
2026-03-08 07:34:56,20.86,120,Open Road
2026-03-08 07:50:14,0.00,80,Highway
2026-03-08 07:50:16,4.02,80,Highway
2026-03-08 07:50:18,20.07,80,Highway
2026-03-08 07:50:20,36.15,50,City Road
2026-03-08 07:50:22,52.28,50,City Road
2026-03-08 07:50:24,29.19,30,School Zone
2026-03-08 07:50:26,43.42,40,Village Area
2026-03-08 07:50:28,45.96,40,Village Area
2026-03-08 07:50:30,62.02,120,Open Road
2026-03-08 07:50:32,0.00,120,Open Road
2026-03-08 07:50:34,0.00,80,Highway
2026-03-08 07:50:36,9.44,80,Highway
2026-03-08 07:50:38,25.56,80,Highway
2026-03-08 07:50:40,0.00,80,Highway
2026-03-08 07:52:52,0.00,80,Highway
2026-03-08 07:52:54,4.02,80,Highway
2026-03-08 07:52:56,20.09,80,Highway
2026-03-08 07:52:58,36.16,80,Highway
2026-03-08 07:53:00,52.26,80,Highway
2026-03-08 07:53:02,68.30,50,City Road
2026-03-08 07:53:04,84.32,50,City Road
2026-03-08 07:53:06,64.59,50,City Road
2026-03-08 07:53:08,36.32,30,School Zone
2026-03-08 07:53:10,30.00,30,School Zone
2026-03-08 07:53:12,29.21,30,School Zone
2026-03-08 07:53:14,41.48,30,School Zone
2026-03-08 07:53:16,43.18,40,Village Area
2026-03-08 07:53:18,59.19,40,Village Area
2026-03-08 07:53:20,39.93,40,Village Area
2026-03-08 07:53:22,47.60,40,Village Area
2026-03-08 07:53:24,63.64,120,Open Road
2026-03-08 07:53:26,79.67,120,Open Road
2026-03-08 07:53:28,95.76,120,Open Road
2026-03-08 07:53:30,105.70,120,Open Road
2026-03-08 07:53:32,0.00,120,Open Road
2026-03-08 07:53:34,0.00,120,Open Road
2026-03-08 07:55:55,0.00,80,Highway
2026-03-08 07:55:57,11.23,80,Highway
2026-03-08 07:55:59,27.25,80,Highway
2026-03-08 07:56:01,43.32,80,Highway
2026-03-08 07:56:03,59.34,80,Highway
2026-03-08 07:56:05,75.40,80,Highway
2026-03-08 07:56:07,91.46,80,Highway
2026-03-08 07:56:09,83.31,80,Highway
2026-03-08 07:56:11,99.44,80,Highway
2026-03-08 07:56:13,91.13,80,Highway
2026-03-08 07:56:15,82.89,80,Highway
2026-03-08 07:56:17,98.98,80,Highway
2026-03-08 07:56:19,90.73,50,City Road
2026-03-08 07:56:21,52.53,50,City Road
2026-03-08 07:56:23,68.61,50,City Road
2026-03-08 07:56:25,60.38,50,City Road
2026-03-08 07:56:27,52.25,50,City Road
2026-03-08 07:56:29,68.29,50,City Road
2026-03-08 07:56:31,59.97,50,City Road
2026-03-08 07:56:33,51.74,50,City Road
2026-03-08 07:56:35,66.87,50,City Road
2026-03-08 07:56:37,19.65,50,City Road
2026-03-08 07:56:39,-15.00,50,City Road
2026-03-08 07:56:41,-8.07,50,City Road
2026-03-08 07:56:43,7.36,50,City Road
2026-03-08 07:56:45,23.46,50,City Road
2026-03-08 07:56:47,39.57,50,City Road
2026-03-08 07:56:49,55.60,50,City Road
2026-03-08 07:56:51,71.66,50,City Road
2026-03-08 07:56:53,63.55,50,City Road
2026-03-08 07:56:55,55.21,50,City Road
2026-03-08 07:56:57,71.24,50,City Road
2026-03-08 07:56:59,62.89,50,City Road
2026-03-08 07:57:01,78.94,120,Open Road
2026-03-08 07:57:03,95.06,30,School Zone
2026-03-08 07:57:05,33.99,30,School Zone
2026-03-08 07:57:07,40.65,30,School Zone
2026-03-08 07:58:19,0.00,80,Highway
2026-03-08 07:58:21,0.00,80,Highway
2026-03-08 07:58:23,0.00,80,Highway
2026-03-08 07:59:56,0.00,80,Highway
2026-03-08 07:59:58,11.24,80,Highway
2026-03-08 08:00:00,27.37,80,Highway
2026-03-08 08:00:02,43.48,80,Highway
2026-03-08 08:00:04,59.55,80,Highway
2026-03-08 08:00:06,75.57,80,Highway
2026-03-08 08:00:08,91.58,80,Highway
2026-03-08 08:00:10,107.62,50,City Road
2026-03-08 08:00:12,120.00,50,City Road
2026-03-08 08:00:14,109.18,50,City Road
2026-03-08 08:00:16,94.09,30,School Zone
2026-03-08 08:00:18,79.03,30,School Zone
2026-03-08 08:00:20,63.89,30,School Zone
2026-03-08 08:00:22,48.79,40,Village Area
2026-03-08 08:00:24,46.51,40,Village Area
2026-03-08 08:00:26,60.25,40,Village Area
2026-03-08 08:00:28,52.19,120,Open Road
2026-03-08 08:00:30,0.00,120,Open Road
2026-03-08 08:00:32,8.61,80,Highway
2026-03-08 08:00:34,24.70,80,Highway
2026-03-08 08:00:36,40.73,80,Highway
2026-03-08 08:00:38,56.77,80,Highway
2026-03-08 08:00:40,72.82,80,Highway
2026-03-08 08:00:42,88.90,80,Highway
2026-03-08 08:00:44,104.95,50,City Road
2026-03-08 08:00:46,120.00,50,City Road
2026-03-08 08:00:48,106.40,30,School Zone
2026-03-08 08:01:37,0.00,80,Highway
2026-03-08 08:01:40,11.51,80,Highway
2026-03-08 08:01:42,27.59,80,Highway
2026-03-08 08:01:44,43.64,80,Highway
2026-03-08 08:01:46,59.74,80,Highway
2026-03-08 08:01:48,75.76,80,Highway
2026-03-08 08:01:50,91.78,80,Highway
2026-03-08 08:01:52,107.86,80,Highway
2026-03-08 08:01:54,120.00,80,Highway
2026-03-08 08:01:56,108.73,50,City Road
2026-03-08 08:01:58,93.70,50,City Road
2026-03-08 08:02:00,78.70,50,City Road
2026-03-08 08:02:02,63.67,50,City Road
2026-03-08 08:02:04,51.46,50,City Road
2026-03-08 08:02:06,67.56,50,City Road
2026-03-08 08:02:08,83.65,50,City Road
2026-03-08 08:02:10,96.87,30,School Zone
2026-03-08 08:02:12,81.79,30,School Zone
2026-03-08 08:02:14,66.76,30,School Zone
2026-03-08 08:02:16,51.72,30,School Zone
2026-03-08 08:02:18,36.64,30,School Zone
2026-03-08 08:02:20,31.81,30,School Zone
2026-03-08 08:03:02,0.00,80,Highway
2026-03-08 08:03:04,12.61,80,Highway
2026-03-08 08:03:06,28.67,80,Highway
2026-03-08 08:03:08,44.73,80,Highway
2026-03-08 08:03:10,60.86,80,Highway
2026-03-08 08:03:12,77.00,80,Highway
2026-03-08 08:03:14,89.82,80,Highway
2026-03-08 08:03:16,81.75,80,Highway
2026-03-08 08:04:32,0.00,80,Highway
2026-03-08 08:04:34,10.79,80,Highway
2026-03-08 08:04:36,26.90,80,Highway
2026-03-08 08:04:38,42.92,80,Highway
2026-03-08 08:04:40,59.04,80,Highway
2026-03-08 08:04:42,75.17,80,Highway
2026-03-08 08:04:44,91.30,80,Highway
2026-03-08 08:04:46,107.42,80,Highway
2026-03-08 08:04:48,101.32,80,Highway
2026-03-08 08:04:50,86.19,50,City Road
2026-03-08 08:04:52,71.14,50,City Road
2026-03-08 08:04:54,56.12,50,City Road
2026-03-08 08:04:56,59.55,50,City Road
2026-03-08 08:04:58,75.61,50,City Road
2026-03-08 08:05:00,73.25,50,City Road
2026-03-08 08:05:02,58.23,50,City Road
2026-03-08 08:05:04,57.26,50,City Road
2026-03-08 08:05:06,73.40,50,City Road
2026-03-08 08:05:08,75.36,30,School Zone
2026-03-08 08:05:10,56.25,30,School Zone
2026-03-08 08:05:12,0.00,80,Highway
2026-03-08 08:05:14,14.38,80,Highway
2026-03-08 08:05:16,30.45,80,Highway
2026-03-08 08:05:18,46.51,80,Highway
2026-03-08 08:05:20,62.62,80,Highway
2026-03-08 08:05:22,78.74,80,Highway
2026-03-08 08:05:24,94.37,80,Highway
2026-03-08 08:05:26,0.00,80,Highway
2026-03-08 17:32:51,0.00,80,Highway
2026-03-08 17:32:53,0.00,80,Highway
2026-03-08 17:32:55,0.00,80,Highway
2026-03-08 17:32:57,15.62,80,Highway
2026-03-08 17:32:59,31.70,80,Highway
2026-03-08 17:33:01,47.72,80,Highway
2026-03-08 17:33:03,63.75,80,Highway
2026-03-08 17:33:05,79.86,80,Highway
2026-03-08 17:33:07,95.90,80,Highway
2026-03-08 17:33:09,111.91,80,Highway
2026-03-08 17:33:11,97.13,80,Highway
2026-03-08 17:33:13,82.04,80,Highway
2026-03-08 17:33:15,93.81,80,Highway
2026-03-08 17:33:17,95.31,80,Highway
2026-03-08 17:33:19,82.01,50,City Road
2026-03-08 17:33:21,46.98,50,City Road
2026-03-08 17:33:23,57.53,50,City Road
2026-03-08 17:33:25,73.66,50,City Road
2026-03-08 17:33:27,74.98,50,City Road
2026-03-08 17:33:29,59.94,50,City Road
2026-03-08 17:33:31,55.45,50,City Road
2026-03-08 17:33:33,71.49,50,City Road
2026-03-08 17:33:35,77.17,50,City Road
2026-03-08 17:33:37,58.91,50,City Road
2026-03-08 17:33:39,45.09,50,City Road
2026-03-08 17:33:41,39.44,50,City Road
2026-03-08 17:33:43,55.49,50,City Road
2026-03-08 17:33:45,71.52,50,City Road
2026-03-08 17:33:47,77.05,30,School Zone
2026-03-08 17:33:49,61.97,30,School Zone
2026-03-08 17:33:51,46.84,30,School Zone
2026-03-08 17:33:53,31.81,30,School Zone
2026-03-08 17:33:55,0.00,80,Highway
2026-03-08 17:33:57,0.00,80,Highway
2026-03-08 17:43:23,0.00,80,Highway
2026-03-08 17:43:25,0.00,80,Highway
2026-03-08 17:43:27,0.00,80,Highway
2026-03-08 17:43:29,0.00,80,Highway
2026-03-08 17:43:31,0.00,80,Highway
2026-03-08 17:43:33,0.00,80,Highway
2026-03-08 17:43:36,0.00,80,Highway
2026-03-08 17:43:38,0.00,80,Highway
2026-03-08 17:43:40,0.00,80,Highway
2026-03-08 17:43:42,0.00,80,Highway
2026-03-08 17:43:44,0.00,80,Highway
2026-03-08 17:43:46,0.00,80,Highway
2026-03-08 17:43:48,0.13,80,Highway
2026-03-08 17:43:50,16.17,80,Highway
2026-03-08 17:43:52,20.30,80,Highway
2026-03-08 17:43:54,24.95,80,Highway
2026-03-08 17:43:56,16.92,80,Highway
2026-03-08 17:43:58,8.88,80,Highway
2026-03-08 17:44:00,0.82,80,Highway
2026-03-08 17:44:02,0.00,80,Highway
2026-03-08 17:44:04,-15.00,80,Highway
2026-03-08 17:44:06,-12.10,80,Highway
2026-03-08 17:44:08,1.56,80,Highway
2026-03-08 17:44:10,17.62,80,Highway
2026-03-08 17:44:12,33.75,80,Highway
2026-03-08 17:44:14,49.88,80,Highway
2026-03-08 17:44:16,50.74,80,Highway
2026-03-08 17:44:18,63.57,80,Highway
2026-03-08 17:44:20,57.28,120,Open Road
2026-03-08 17:44:22,49.26,120,Open Road
2026-03-08 17:44:24,36.36,80,Highway
2026-03-08 17:44:26,0.00,80,Highway
2026-03-08 17:44:28,0.00,80,Highway
2026-03-08 17:44:30,12.08,80,Highway
2026-03-08 17:44:32,28.14,80,Highway
2026-03-08 17:44:34,44.25,80,Highway
2026-03-08 17:44:36,60.34,80,Highway
2026-03-08 17:44:38,76.48,80,Highway
2026-03-08 17:44:40,79.99,80,Highway
2026-03-08 17:44:42,81.62,80,Highway
2026-03-08 17:44:44,95.58,80,Highway
2026-03-08 17:44:46,104.18,80,Highway
2026-03-08 17:44:48,85.09,80,Highway
2026-03-08 17:44:50,90.47,80,Highway
2026-03-08 17:44:52,106.61,80,Highway
2026-03-08 17:44:54,102.44,50,City Road
2026-03-08 17:44:56,87.35,50,City Road
2026-03-08 17:44:58,72.24,50,City Road
2026-03-08 17:45:00,57.17,50,City Road
2026-03-08 17:45:02,58.39,50,City Road
2026-03-08 17:45:04,68.67,50,City Road
2026-03-08 17:45:06,52.97,50,City Road
2026-03-08 17:45:08,53.07,50,City Road
2026-03-08 17:45:10,20.98,50,City Road
2026-03-08 17:45:12,7.17,50,City Road
2026-03-08 17:45:14,13.06,50,City Road
2026-03-08 17:45:16,5.00,50,City Road
2026-03-08 17:45:18,0.00,50,City Road
2026-03-08 17:45:20,0.00,50,City Road
2026-03-08 17:45:22,0.00,50,City Road
2026-03-08 17:45:24,0.00,50,City Road
2026-03-08 17:45:26,0.00,50,City Road
2026-03-08 17:45:28,0.00,80,Highway
2026-03-08 17:45:30,0.00,80,Highway
2026-03-08 17:45:32,0.00,80,Highway
2026-03-08 17:45:34,6.86,80,Highway
2026-03-08 17:45:36,22.98,80,Highway
2026-03-08 17:45:38,24.32,80,Highway
2026-03-08 17:45:40,27.65,80,Highway
2026-03-08 17:45:42,19.63,80,Highway
2026-03-08 17:45:44,11.58,80,Highway
2026-03-08 17:45:46,3.56,80,Highway
2026-03-08 17:45:48,0.00,80,Highway
2026-03-08 17:45:50,14.01,80,Highway
2026-03-08 17:45:52,30.13,80,Highway
2026-03-08 17:45:54,10.70,80,Highway
2026-03-08 17:45:56,26.73,80,Highway
2026-03-08 17:45:58,42.74,80,Highway
2026-03-08 17:46:00,58.76,80,Highway
2026-03-08 17:46:02,74.86,80,Highway
2026-03-08 17:46:04,90.98,80,Highway
2026-03-08 17:46:06,74.43,80,Highway
2026-03-08 17:46:08,53.88,80,Highway
2026-03-08 17:46:10,7.53,80,Highway
2026-03-08 17:46:12,13.26,80,Highway
2026-03-08 17:46:14,29.29,80,Highway
2026-03-08 17:46:16,41.78,80,Highway
2026-03-08 17:46:18,56.71,80,Highway
2026-03-08 17:46:20,72.40,80,Highway
2026-03-08 17:46:22,77.67,120,Open Road
2026-03-08 17:46:24,78.57,120,Open Road
2026-03-08 17:46:26,94.64,80,Highway
2026-03-08 17:46:28,106.52,50,City Road
2026-03-08 17:46:30,100.23,120,Open Road
2026-03-08 17:46:32,95.22,120,Open Road
2026-03-08 17:46:34,0.00,120,Open Road
2026-03-08 17:46:36,0.00,120,Open Road
2026-03-08 17:46:38,0.00,120,Open Road
2026-03-08 17:46:40,0.00,120,Open Road
2026-03-08 17:46:42,0.00,120,Open Road
2026-03-08 17:46:44,0.00,80,Highway
2026-03-08 17:46:46,1.46,80,Highway
2026-03-08 17:46:48,17.52,80,Highway
2026-03-08 17:46:50,33.55,80,Highway
2026-03-08 17:46:52,49.62,80,Highway
2026-03-08 17:46:54,65.74,80,Highway
2026-03-08 17:46:56,81.76,80,Highway
2026-03-08 17:46:58,72.02,80,Highway
2026-03-08 17:47:00,56.30,80,Highway
2026-03-08 17:47:02,72.38,80,Highway
2026-03-08 17:47:04,88.47,80,Highway
2026-03-08 17:47:06,104.55,80,Highway
2026-03-08 17:47:08,103.98,80,Highway
2026-03-08 17:47:11,88.94,80,Highway
2026-03-08 17:47:13,73.88,50,City Road
2026-03-08 17:47:15,58.76,50,City Road
2026-03-08 17:47:17,56.66,50,City Road
2026-03-08 17:47:19,72.32,50,City Road
2026-03-08 17:47:21,69.20,50,City Road
2026-03-08 17:47:23,54.14,50,City Road
2026-03-08 17:47:25,45.16,50,City Road
2026-03-08 17:47:27,0.00,80,Highway
2026-03-08 17:47:29,0.00,80,Highway
2026-03-08 17:47:31,0.00,80,Highway
2026-03-08 17:47:33,0.00,80,Highway
2026-03-08 17:52:36,0.00,80,Highway
2026-03-08 17:52:38,11.42,80,Highway
2026-03-08 17:52:40,27.51,80,Highway
2026-03-08 17:52:42,43.54,80,Highway
2026-03-08 17:52:44,59.71,80,Highway
2026-03-08 17:52:46,75.82,80,Highway
2026-03-08 17:52:48,91.90,80,Highway
2026-03-08 17:52:50,107.98,80,Highway
2026-03-08 17:52:52,100.81,80,Highway
2026-03-08 17:52:54,83.89,80,Highway
2026-03-08 17:54:17,0.00,80,Highway
2026-03-08 17:54:19,12.08,80,Highway
2026-03-08 17:54:21,28.14,80,Highway
2026-03-08 17:54:23,44.28,80,Highway
2026-03-08 17:54:25,60.34,80,Highway
2026-03-08 17:54:27,76.39,80,Highway
2026-03-08 17:54:29,92.48,80,Highway
2026-03-08 17:54:31,108.57,80,Highway
2026-03-08 17:54:33,100.14,80,Highway
2026-03-08 17:54:35,85.02,80,Highway
2026-03-08 17:54:37,90.60,120,Open Road
2026-03-08 17:54:39,106.66,80,Highway
2026-03-08 17:54:41,0.00,120,Open Road
2026-03-08 17:54:43,-15.00,120,Open Road
2026-03-08 17:54:45,-15.00,120,Open Road
2026-03-08 17:54:47,-15.00,120,Open Road
2026-03-08 17:57:57,0.00,40,Village Area
2026-03-08 17:57:59,9.80,40,Village Area
2026-03-08 17:58:01,25.90,40,Village Area
2026-03-08 17:58:03,14.37,40,Village Area
2026-03-08 17:58:05,-15.00,40,Village Area
2026-03-08 17:58:07,-4.63,40,Village Area
2026-03-08 17:58:09,10.19,40,Village Area
2026-03-08 17:58:11,0.00,40,Village Area
2026-03-08 17:58:13,10.36,40,Village Area
2026-03-08 17:58:15,0.00,40,Village Area
2026-03-08 17:58:17,0.54,40,Village Area
2026-03-08 17:58:19,-15.00,40,Village Area
2026-03-08 17:58:21,-10.82,40,Village Area
2026-03-08 17:58:25,0.00,40,Village Area
2026-03-08 17:58:27,12.25,40,Village Area
2026-03-08 17:58:29,28.30,40,Village Area
2026-03-08 17:58:31,44.42,40,Village Area
2026-03-08 17:58:33,60.49,40,Village Area
2026-03-08 17:58:35,58.04,40,Village Area
2026-03-08 17:58:37,50.27,40,Village Area
2026-03-08 17:58:39,66.34,40,Village Area
2026-03-08 17:58:41,55.03,120,Open Road
2026-03-08 17:58:43,71.11,120,Open Road
2026-03-08 17:58:45,8.08,40,Village Area
2026-03-08 17:58:48,1.41,40,Village Area
2026-03-08 18:02:14,0.00,40,Village Area
2026-03-08 18:02:16,9.55,40,Village Area
2026-03-08 18:02:18,25.66,40,Village Area
2026-03-08 18:02:20,41.68,40,Village Area
2026-03-08 18:02:22,57.76,40,Village Area
2026-03-08 18:02:24,66.83,40,Village Area
2026-03-08 18:02:26,40.00,40,Village Area
2026-03-08 18:02:28,40.00,40,Village Area
2026-03-08 18:02:30,40.00,40,Village Area
2026-03-08 18:02:32,40.00,40,Village Area
2026-03-08 18:02:34,40.00,40,Village Area
2026-03-08 18:02:36,40.00,40,Village Area
2026-03-08 18:02:38,40.00,40,Village Area
2026-03-08 18:02:40,40.00,40,Village Area
2026-03-08 18:02:42,40.00,40,Village Area
2026-03-08 18:02:44,40.00,40,Village Area
2026-03-08 18:02:46,40.00,40,Village Area
2026-03-08 18:02:48,40.00,40,Village Area
2026-03-08 18:02:50,40.00,40,Village Area
2026-03-08 18:02:52,40.00,40,Village Area
2026-03-08 18:02:54,40.00,40,Village Area
2026-03-08 18:02:56,40.00,40,Village Area
2026-03-08 18:02:58,40.00,40,Village Area
2026-03-08 18:03:00,51.67,30,School Zone
2026-03-08 18:03:02,67.76,30,School Zone
2026-03-08 18:03:04,35.03,30,School Zone
2026-03-08 18:03:06,30.00,30,School Zone
2026-03-08 18:03:08,30.00,30,School Zone
2026-03-08 18:03:10,30.00,30,School Zone
2026-03-08 18:03:12,30.00,30,School Zone
2026-03-08 18:03:14,30.00,30,School Zone
2026-03-08 18:03:16,30.00,30,School Zone
2026-03-08 18:03:18,30.00,30,School Zone
2026-03-08 18:03:20,30.00,30,School Zone
2026-03-08 18:03:22,30.00,30,School Zone
2026-03-08 18:03:24,30.00,30,School Zone
2026-03-08 18:03:26,30.00,30,School Zone
2026-03-08 18:03:28,30.00,30,School Zone
2026-03-08 18:03:30,30.00,30,School Zone
2026-03-08 18:03:32,30.00,30,School Zone
2026-03-08 18:03:34,30.00,30,School Zone
2026-03-08 18:03:36,30.00,30,School Zone
2026-03-08 18:03:38,30.00,30,School Zone
2026-03-08 18:03:40,30.00,30,School Zone
2026-03-08 18:03:42,30.00,30,School Zone
2026-03-08 18:03:44,30.00,30,School Zone
2026-03-08 18:03:46,30.00,30,School Zone
2026-03-08 18:03:48,30.00,30,School Zone
2026-03-08 18:03:50,30.00,30,School Zone
2026-03-08 18:03:52,30.00,30,School Zone
2026-03-08 18:03:54,45.86,50,City Road
2026-03-08 18:03:56,61.99,50,City Road
2026-03-08 18:03:58,78.10,50,City Road
2026-03-08 18:04:00,94.21,50,City Road
2026-03-08 18:04:02,110.24,120,Open Road
2026-03-08 18:04:04,-15.00,120,Open Road
2026-03-08 18:04:06,-11.05,120,Open Road
2026-03-08 18:04:08,5.05,120,Open Road
2026-03-08 18:04:10,21.16,120,Open Road
2026-03-08 18:04:12,37.27,120,Open Road
2026-03-08 18:04:14,53.39,120,Open Road
2026-03-08 18:04:16,69.49,50,City Road
2026-03-08 18:04:18,85.53,50,City Road
2026-03-08 18:04:20,101.57,50,City Road
2026-03-08 18:04:22,117.68,120,Open Road
2026-03-08 18:04:24,120.00,120,Open Road
2026-03-08 18:04:26,0.00,120,Open Road
2026-03-08 18:04:28,-2.92,120,Open Road
2026-03-08 18:04:30,-15.00,120,Open Road
2026-03-08 18:04:32,-15.00,120,Open Road
2026-03-08 18:04:34,-3.14,120,Open Road
2026-03-08 18:04:36,12.89,120,Open Road
2026-03-08 18:04:38,28.90,120,Open Road
2026-03-08 18:04:40,44.96,120,Open Road
2026-03-08 18:04:42,60.99,120,Open Road
2026-03-08 18:04:44,77.08,120,Open Road
2026-03-08 18:04:46,93.12,80,Highway
2026-03-08 18:04:48,109.17,80,Highway
2026-03-08 18:04:50,-1.70,120,Open Road
2026-03-08 18:04:52,5.34,40,Village Area
2026-03-08 18:04:54,21.46,40,Village Area
2026-03-08 18:04:56,37.60,40,Village Area
2026-03-08 18:07:37,0.00,40,Village Area
2026-03-08 18:07:39,0.00,40,Village Area
2026-03-08 18:07:41,12.93,40,Village Area
2026-03-08 18:07:43,19.56,40,Village Area
2026-03-08 18:07:45,13.50,40,Village Area
2026-03-08 18:07:47,5.50,40,Village Area
2026-03-08 18:07:49,0.00,40,Village Area
2026-03-08 18:07:51,0.00,40,Village Area
2026-03-08 18:07:53,0.00,40,Village Area
2026-03-08 18:07:55,0.00,40,Village Area
2026-03-08 18:07:57,0.00,40,Village Area
2026-03-08 18:07:59,0.00,40,Village Area
2026-03-08 18:08:01,0.00,40,Village Area
2026-03-08 18:08:03,0.00,40,Village Area
2026-03-08 18:08:05,0.00,40,Village Area
2026-03-08 18:08:07,0.00,40,Village Area
2026-03-08 18:08:09,0.00,40,Village Area
2026-03-08 18:08:11,0.00,40,Village Area
2026-03-08 18:08:13,0.00,40,Village Area
2026-03-08 18:08:15,0.00,40,Village Area
2026-03-08 18:08:17,0.00,40,Village Area
2026-03-08 18:08:19,0.00,40,Village Area
2026-03-08 18:08:21,0.00,40,Village Area
2026-03-08 18:08:23,0.00,40,Village Area
2026-03-08 18:08:25,0.00,40,Village Area
2026-03-08 18:08:27,15.41,40,Village Area
2026-03-08 18:08:29,31.47,40,Village Area
2026-03-08 18:08:31,47.58,40,Village Area
2026-03-08 18:08:33,51.88,40,Village Area
2026-03-08 18:08:35,37.99,40,Village Area
2026-03-08 18:08:37,29.94,40,Village Area
2026-03-08 18:08:39,21.87,40,Village Area
2026-03-08 18:08:41,13.84,40,Village Area
2026-03-08 18:08:43,16.99,40,Village Area
2026-03-08 18:08:45,33.12,40,Village Area
2026-03-08 18:08:47,40.00,40,Village Area
2026-03-08 18:08:49,40.00,40,Village Area
2026-03-08 18:08:51,40.00,40,Village Area
2026-03-08 18:08:53,40.00,40,Village Area
2026-03-08 18:08:55,40.00,40,Village Area
2026-03-08 18:08:57,45.60,120,Open Road
2026-03-08 18:08:59,61.51,120,Open Road
2026-03-08 18:09:01,53.80,120,Open Road
2026-03-08 18:11:10,0.00,40,Village Area
2026-03-08 18:11:12,11.86,40,Village Area
2026-03-08 18:11:14,27.97,40,Village Area
2026-03-08 18:11:16,44.05,40,Village Area
2026-03-08 18:11:18,60.10,40,Village Area
2026-03-08 18:11:20,59.65,40,Village Area
2026-03-08 18:11:22,40.00,40,Village Area
2026-03-08 18:11:24,40.00,40,Village Area
2026-03-08 18:11:26,40.00,40,Village Area
2026-03-08 18:11:28,40.00,40,Village Area
2026-03-08 18:11:30,40.00,40,Village Area
2026-03-08 18:11:32,40.00,40,Village Area
2026-03-08 18:11:34,40.00,40,Village Area
2026-03-08 18:11:36,37.80,40,Village Area
2026-03-08 18:11:38,52.08,40,Village Area
2026-03-08 18:11:40,68.14,40,Village Area
2026-03-08 18:11:42,84.22,40,Village Area
2026-03-08 18:11:44,100.22,40,Village Area
2026-03-08 18:11:46,116.33,30,School Zone
2026-03-08 18:11:48,77.30,30,School Zone
2026-03-08 18:11:50,30.00,30,School Zone
2026-03-08 18:11:52,30.00,30,School Zone
2026-03-08 18:11:54,34.80,30,School Zone
2026-03-08 18:11:56,50.88,30,School Zone
2026-03-08 18:11:58,66.90,30,School Zone
2026-03-08 18:12:00,82.97,30,School Zone
2026-03-08 18:12:02,98.48,30,School Zone
2026-03-08 18:12:04,114.60,30,School Zone
2026-03-08 18:12:06,119.46,30,School Zone
2026-03-08 18:12:08,57.91,30,School Zone
2026-03-08 18:12:10,30.00,30,School Zone
2026-03-08 18:12:12,32.35,50,City Road
2026-03-08 18:12:14,48.42,50,City Road
2026-03-08 18:12:16,57.97,120,Open Road
2026-03-08 18:12:18,74.11,50,City Road
2026-03-08 18:12:20,90.12,50,City Road
2026-03-08 18:12:22,94.75,50,City Road
2026-03-08 18:12:24,50.00,50,City Road
2026-03-08 18:12:26,44.18,50,City Road
2026-03-08 18:15:28,0.00,40,Village Area
2026-03-08 18:15:30,5.29,40,Village Area
2026-03-08 18:15:32,21.41,40,Village Area
2026-03-08 18:15:34,37.49,40,Village Area
2026-03-08 18:15:36,53.62,40,Village Area
2026-03-08 18:15:38,69.65,40,Village Area
2026-03-08 18:15:40,40.00,40,Village Area
2026-03-08 18:15:42,40.00,40,Village Area
2026-03-08 18:15:44,40.00,40,Village Area
2026-03-08 18:15:46,42.14,120,Open Road
2026-03-08 18:15:48,58.26,40,Village Area
2026-03-08 18:15:50,74.34,40,Village Area
2026-03-08 18:15:52,88.26,40,Village Area
2026-03-08 18:15:54,40.00,40,Village Area
2026-03-08 18:15:56,40.00,40,Village Area
2026-03-08 18:15:58,40.00,40,Village Area
2026-03-08 18:16:00,40.00,40,Village Area
2026-03-08 18:16:02,45.32,120,Open Road
2026-03-08 18:16:04,61.41,40,Village Area
2026-03-08 18:16:06,74.10,120,Open Road
2026-03-08 18:16:08,66.07,120,Open Road
2026-03-08 18:16:10,58.02,120,Open Road
2026-03-08 18:20:43,0.00,40,Village Area
2026-03-08 18:20:45,0.00,40,Village Area
2026-03-08 18:20:47,0.00,40,Village Area
2026-03-08 18:20:49,0.00,40,Village Area
2026-03-08 18:20:51,0.00,40,Village Area
2026-03-08 18:20:53,14.65,40,Village Area
2026-03-08 18:20:55,30.74,40,Village Area
2026-03-08 18:20:57,46.77,40,Village Area
2026-03-08 18:20:59,62.79,40,Village Area
2026-03-08 18:21:01,51.32,40,Village Area
2026-03-08 18:21:03,39.47,40,Village Area
2026-03-08 18:21:05,35.23,40,Village Area
2026-03-08 18:21:07,40.00,40,Village Area
2026-03-08 18:21:09,37.74,40,Village Area
2026-03-08 18:21:11,29.72,40,Village Area
2026-03-08 18:21:13,21.66,40,Village Area
2026-03-08 18:24:09,0.00,40,Village Area
2026-03-08 18:24:11,0.00,40,Village Area
2026-03-08 18:24:13,0.00,40,Village Area
2026-03-08 18:24:15,0.00,40,Village Area
2026-03-08 18:24:17,0.00,40,Village Area
2026-03-08 18:24:19,10.88,40,Village Area
2026-03-08 18:24:21,26.99,40,Village Area
2026-03-08 18:24:23,43.09,40,Village Area
2026-03-08 18:24:25,59.14,40,Village Area
2026-03-08 18:24:27,62.59,40,Village Area
2026-03-08 18:24:29,40.00,40,Village Area
2026-03-08 18:24:31,40.00,40,Village Area
2026-03-08 18:24:33,40.00,40,Village Area
2026-03-08 18:24:35,40.00,40,Village Area
2026-03-08 18:24:37,40.00,40,Village Area
2026-03-08 18:24:39,40.00,40,Village Area
2026-03-08 18:24:41,43.44,120,Open Road
2026-03-08 18:24:43,59.52,120,Open Road
2026-03-08 18:24:45,75.60,120,Open Road
2026-03-08 18:24:47,91.62,40,Village Area
2026-03-08 18:24:49,107.72,40,Village Area
2026-03-08 18:24:51,120.00,40,Village Area
2026-03-08 18:24:53,120.00,40,Village Area
2026-03-08 18:24:55,102.55,30,School Zone
2026-03-08 18:24:57,52.45,30,School Zone
2026-03-08 18:24:59,30.00,30,School Zone
2026-03-08 18:25:01,23.96,30,School Zone
2026-03-08 18:25:03,15.95,30,School Zone
2026-03-08 18:25:05,7.98,30,School Zone
2026-03-08 18:25:07,0.00,30,School Zone
2026-03-08 18:25:09,0.82,30,School Zone
2026-03-08 18:25:11,16.90,30,School Zone
2026-03-08 18:25:13,30.00,30,School Zone
2026-03-08 18:25:15,30.00,30,School Zone
2026-03-08 18:25:17,30.00,30,School Zone
2026-03-08 18:25:19,41.57,120,Open Road
2026-03-08 18:25:21,57.67,30,School Zone
2026-03-08 18:25:23,73.71,30,School Zone
2026-03-08 18:25:25,73.36,30,School Zone
2026-03-08 18:25:27,28.08,30,School Zone
2026-03-08 18:25:29,20.04,120,Open Road
2026-03-08 18:28:16,0.00,40,Village Area
2026-03-08 18:28:18,0.00,40,Village Area
2026-03-08 18:28:20,0.00,40,Village Area
2026-03-08 18:28:22,0.00,40,Village Area
2026-03-08 18:28:24,13.53,40,Village Area
2026-03-08 18:28:26,29.63,40,Village Area
2026-03-08 18:28:28,45.70,40,Village Area
2026-03-08 18:28:30,61.74,40,Village Area
2026-03-08 18:28:32,47.71,40,Village Area
2026-03-08 18:28:34,33.08,40,Village Area
2026-03-08 18:28:36,25.07,40,Village Area
2026-03-08 18:28:38,17.03,40,Village Area
2026-03-08 18:31:04,0.00,40,Village Area
2026-03-08 18:31:06,0.00,40,Village Area
2026-03-08 18:31:08,0.00,40,Village Area
2026-03-08 18:31:10,0.00,40,Village Area
2026-03-08 18:31:12,0.00,40,Village Area
2026-03-08 18:31:14,0.00,40,Village Area
2026-03-08 18:31:16,0.00,40,Village Area
2026-03-08 18:31:18,0.00,40,Village Area
2026-03-08 18:31:20,0.00,40,Village Area
2026-03-08 18:31:22,0.00,40,Village Area
2026-03-08 18:31:24,0.00,40,Village Area
2026-03-08 18:31:26,0.00,40,Village Area
2026-03-08 18:31:28,0.00,40,Village Area
2026-03-08 18:31:30,0.00,40,Village Area
2026-03-08 18:31:32,0.00,40,Village Area
2026-03-08 18:31:34,0.00,40,Village Area
2026-03-08 18:31:36,0.00,40,Village Area
2026-03-08 18:31:38,0.00,40,Village Area
2026-03-08 18:31:40,0.00,40,Village Area
2026-03-08 18:31:42,0.00,40,Village Area
2026-03-08 18:31:44,0.00,40,Village Area
2026-03-08 18:31:46,0.00,40,Village Area
2026-03-08 18:31:48,0.00,40,Village Area
2026-03-08 18:31:50,0.00,40,Village Area
2026-03-08 18:31:52,0.00,40,Village Area
2026-03-08 18:31:54,0.00,40,Village Area
2026-03-08 18:31:56,0.00,40,Village Area
2026-03-08 18:31:58,0.00,40,Village Area
2026-03-08 18:32:00,0.00,40,Village Area
2026-03-08 18:32:02,0.00,40,Village Area
2026-03-08 18:32:04,0.00,40,Village Area
2026-03-08 18:32:06,0.00,40,Village Area
2026-03-08 18:32:08,0.00,40,Village Area
2026-03-08 18:32:10,0.00,40,Village Area
2026-03-08 18:32:12,0.00,40,Village Area
2026-03-08 18:32:14,0.00,40,Village Area
2026-03-08 18:32:16,0.00,40,Village Area
2026-03-08 18:32:18,0.00,40,Village Area
2026-03-08 18:32:20,0.00,40,Village Area
2026-03-08 18:32:22,0.00,40,Village Area
2026-03-08 18:32:24,0.00,40,Village Area
2026-03-08 18:32:26,0.00,40,Village Area
2026-03-08 18:32:28,0.00,40,Village Area
2026-03-08 18:32:30,0.00,40,Village Area
2026-03-08 18:32:32,0.00,40,Village Area
2026-03-08 18:32:34,0.00,40,Village Area
2026-03-08 18:32:36,0.00,40,Village Area
2026-03-08 18:32:38,0.00,40,Village Area
2026-03-08 18:32:40,0.00,40,Village Area
2026-03-08 18:32:42,0.00,40,Village Area
2026-03-08 18:32:44,0.00,40,Village Area
2026-03-08 18:32:46,0.00,40,Village Area
2026-03-08 18:32:48,0.00,40,Village Area
2026-03-08 18:32:50,0.00,40,Village Area
2026-03-08 18:32:52,0.00,40,Village Area
2026-03-08 18:32:54,0.00,40,Village Area
2026-03-08 18:32:56,0.00,40,Village Area
2026-03-08 18:32:58,0.00,40,Village Area
2026-03-08 18:33:00,0.00,40,Village Area
2026-03-08 18:33:02,0.00,40,Village Area
2026-03-08 18:33:04,0.00,40,Village Area
2026-03-08 18:33:06,0.00,40,Village Area
2026-03-08 18:33:08,0.00,40,Village Area
2026-03-08 18:33:10,0.00,40,Village Area
2026-03-08 18:33:12,0.00,40,Village Area
2026-03-08 18:33:14,0.00,40,Village Area
2026-03-08 18:33:16,0.00,40,Village Area
2026-03-08 18:33:18,0.00,40,Village Area
2026-03-08 18:33:20,0.00,40,Village Area
2026-03-08 18:33:22,0.00,40,Village Area
2026-03-08 18:33:25,0.00,40,Village Area
2026-03-08 18:33:27,0.00,40,Village Area
2026-03-08 18:33:29,0.00,40,Village Area
2026-03-08 18:33:31,0.00,40,Village Area
2026-03-08 18:33:33,0.00,40,Village Area
2026-03-08 18:33:35,0.00,40,Village Area
2026-03-08 18:33:37,0.00,40,Village Area
2026-03-08 18:33:39,0.00,40,Village Area
2026-03-08 18:33:41,0.00,40,Village Area
2026-03-08 18:33:43,0.00,40,Village Area
2026-03-08 18:33:45,0.00,40,Village Area
2026-03-08 18:33:47,0.00,40,Village Area
2026-03-08 18:33:49,0.00,40,Village Area
2026-03-08 18:33:51,0.00,40,Village Area
2026-03-08 18:33:53,0.00,40,Village Area
2026-03-08 18:33:55,0.00,40,Village Area
2026-03-08 18:33:57,0.00,40,Village Area
2026-03-08 18:33:59,0.00,40,Village Area
2026-03-08 18:34:01,0.00,40,Village Area
2026-03-08 18:34:03,0.00,40,Village Area
2026-03-08 18:34:05,0.00,40,Village Area
2026-03-08 18:34:07,0.00,40,Village Area
2026-03-08 18:34:09,0.00,40,Village Area
2026-03-08 18:34:11,0.00,40,Village Area
2026-03-08 18:34:13,0.00,40,Village Area
2026-03-08 18:34:15,0.00,40,Village Area
2026-03-08 18:34:17,0.00,40,Village Area
2026-03-08 18:34:19,0.00,40,Village Area
2026-03-08 18:34:21,0.00,40,Village Area
2026-03-08 18:34:23,0.00,40,Village Area
2026-03-08 18:34:25,0.00,40,Village Area
2026-03-08 18:34:27,0.00,40,Village Area
2026-03-08 18:34:29,0.00,40,Village Area
2026-03-08 18:34:31,0.00,40,Village Area
2026-03-08 18:34:33,0.00,40,Village Area
2026-03-08 18:34:35,0.00,40,Village Area
2026-03-08 18:34:37,0.00,40,Village Area
2026-03-08 18:34:39,0.00,40,Village Area
2026-03-08 18:34:41,0.00,40,Village Area
2026-03-08 18:34:43,0.00,40,Village Area
2026-03-08 18:34:45,0.00,40,Village Area
2026-03-08 18:34:47,0.00,40,Village Area
2026-03-08 18:34:49,0.00,40,Village Area
2026-03-08 18:34:51,0.00,40,Village Area
2026-03-08 18:34:53,0.00,40,Village Area
2026-03-08 18:34:55,0.00,40,Village Area
2026-03-08 18:34:57,0.00,40,Village Area
2026-03-08 18:34:59,0.00,40,Village Area
2026-03-08 18:35:01,0.00,40,Village Area
2026-03-08 18:35:03,0.00,40,Village Area
2026-03-08 18:35:05,0.00,40,Village Area
2026-03-08 18:35:07,0.00,40,Village Area
2026-03-08 18:35:09,0.00,40,Village Area
2026-03-08 18:35:11,0.00,40,Village Area
2026-03-08 18:35:13,0.00,40,Village Area
2026-03-08 18:35:15,0.00,40,Village Area
2026-03-08 18:35:17,0.00,40,Village Area
2026-03-08 18:35:19,0.00,40,Village Area
2026-03-08 18:35:21,0.00,40,Village Area
2026-03-08 18:35:23,0.00,40,Village Area
2026-03-08 18:35:25,0.00,40,Village Area
2026-03-08 18:35:27,0.00,40,Village Area
2026-03-08 18:35:29,0.00,40,Village Area
2026-03-08 18:35:31,0.00,40,Village Area
2026-03-08 18:35:33,0.00,40,Village Area
2026-03-08 18:35:35,0.00,40,Village Area
2026-03-08 18:35:37,0.00,40,Village Area
2026-03-08 18:35:39,0.00,40,Village Area
2026-03-08 18:35:41,0.00,40,Village Area
2026-03-08 18:35:43,0.00,40,Village Area
2026-03-08 18:35:45,0.00,40,Village Area
2026-03-08 18:35:47,0.00,40,Village Area
2026-03-08 18:35:49,0.00,40,Village Area
2026-03-08 18:35:51,0.00,40,Village Area
2026-03-08 18:35:53,0.00,40,Village Area
2026-03-08 18:35:55,0.00,40,Village Area
2026-03-08 18:35:57,0.00,40,Village Area
2026-03-08 18:35:59,0.00,40,Village Area
2026-03-08 18:36:01,0.00,40,Village Area
2026-03-08 18:36:03,0.00,40,Village Area
2026-03-08 18:36:05,0.00,40,Village Area
2026-03-08 18:36:07,0.00,40,Village Area
2026-03-08 18:36:09,0.00,40,Village Area
2026-03-08 18:36:11,0.00,40,Village Area
2026-03-08 18:36:13,0.00,40,Village Area
2026-03-08 18:36:15,0.00,40,Village Area
2026-03-08 18:36:17,0.00,40,Village Area
2026-03-08 18:36:19,0.00,40,Village Area
2026-03-08 18:36:21,0.00,40,Village Area
2026-03-08 18:36:23,0.00,40,Village Area
2026-03-08 18:36:25,0.00,40,Village Area
2026-03-08 18:36:27,0.00,40,Village Area
2026-03-08 18:36:29,0.00,40,Village Area
2026-03-08 18:36:31,0.00,40,Village Area
2026-03-08 18:36:33,0.00,40,Village Area
2026-03-08 18:36:35,0.00,40,Village Area
2026-03-08 18:36:37,0.00,40,Village Area
2026-03-08 18:36:39,0.00,40,Village Area
2026-03-08 18:36:41,0.00,40,Village Area
2026-03-08 18:36:43,0.00,40,Village Area
2026-03-08 18:36:45,0.00,40,Village Area
2026-03-08 18:36:47,0.00,40,Village Area
2026-03-08 18:36:49,0.00,40,Village Area
2026-03-08 18:36:51,0.00,40,Village Area
2026-03-08 18:36:53,0.00,40,Village Area
2026-03-08 18:36:55,0.00,40,Village Area
2026-03-08 18:36:57,0.00,40,Village Area
2026-03-08 18:36:59,0.00,40,Village Area
2026-03-08 18:37:02,0.00,40,Village Area
2026-03-08 18:37:04,0.00,40,Village Area
2026-03-08 18:37:06,0.00,40,Village Area
2026-03-08 18:37:08,0.00,40,Village Area
2026-03-08 18:37:10,0.00,40,Village Area
2026-03-08 18:37:12,0.00,40,Village Area
2026-03-08 18:37:14,0.00,40,Village Area
2026-03-08 18:37:16,0.00,40,Village Area
2026-03-08 18:37:18,0.00,40,Village Area
2026-03-08 18:37:20,0.00,40,Village Area
2026-03-08 18:37:22,0.00,40,Village Area
2026-03-08 18:37:24,0.00,40,Village Area
2026-03-08 18:37:26,0.00,40,Village Area
2026-03-08 18:37:28,0.00,40,Village Area
2026-03-08 18:37:30,0.00,40,Village Area
2026-03-08 18:37:32,0.00,40,Village Area
2026-03-08 18:37:34,0.00,40,Village Area
2026-03-08 18:37:36,0.00,40,Village Area
2026-03-08 18:37:38,0.00,40,Village Area
2026-03-08 18:37:40,0.00,40,Village Area
2026-03-08 18:37:42,0.00,40,Village Area
2026-03-08 18:37:44,0.00,40,Village Area
2026-03-08 18:37:46,0.00,40,Village Area
2026-03-08 18:37:48,0.00,40,Village Area
2026-03-08 18:37:50,0.00,40,Village Area
2026-03-08 18:37:52,0.00,40,Village Area
2026-03-08 18:37:54,0.00,40,Village Area
2026-03-08 18:37:56,0.00,40,Village Area
2026-03-08 18:37:58,0.00,40,Village Area
2026-03-08 18:38:00,0.00,40,Village Area
2026-03-08 18:38:02,0.00,40,Village Area
2026-03-08 18:38:04,0.00,40,Village Area
2026-03-08 18:38:06,0.00,40,Village Area
2026-03-08 18:38:08,0.00,40,Village Area
2026-03-08 18:38:10,0.00,40,Village Area
2026-03-08 18:38:12,0.00,40,Village Area
2026-03-08 18:38:14,0.00,40,Village Area
2026-03-08 18:38:16,0.00,40,Village Area
2026-03-08 18:38:18,0.00,40,Village Area
2026-03-08 18:38:20,0.00,40,Village Area
2026-03-08 18:38:22,0.00,40,Village Area
2026-03-08 18:38:24,0.00,40,Village Area
2026-03-08 18:38:26,0.00,40,Village Area
2026-03-08 18:38:28,0.00,40,Village Area
2026-03-08 18:38:30,0.00,40,Village Area
2026-03-08 18:38:32,0.00,40,Village Area
2026-03-08 18:38:34,0.00,40,Village Area
2026-03-08 18:38:36,0.00,40,Village Area
2026-03-08 18:38:38,0.00,40,Village Area
2026-03-08 18:38:40,0.00,40,Village Area
2026-03-08 18:38:42,0.00,40,Village Area
2026-03-08 18:38:44,0.00,40,Village Area
2026-03-08 18:38:46,0.00,40,Village Area
2026-03-08 18:38:48,0.00,40,Village Area
2026-03-08 18:38:50,0.00,40,Village Area
2026-03-08 18:38:52,0.00,40,Village Area
2026-03-08 18:38:54,0.00,40,Village Area
2026-03-08 18:38:56,0.00,40,Village Area
2026-03-08 18:38:58,0.00,40,Village Area
2026-03-08 18:39:00,0.00,40,Village Area
2026-03-08 18:39:02,0.00,40,Village Area
2026-03-08 18:39:04,0.00,40,Village Area
2026-03-08 18:39:06,0.00,40,Village Area
2026-03-08 18:39:08,0.00,40,Village Area
2026-03-08 18:39:10,0.00,40,Village Area
2026-03-08 18:39:12,0.00,40,Village Area
2026-03-08 18:39:14,0.00,40,Village Area
2026-03-08 18:39:16,0.00,40,Village Area
2026-03-08 18:39:18,0.00,40,Village Area
2026-03-08 18:39:20,0.00,40,Village Area
2026-03-08 18:39:22,0.00,40,Village Area
2026-03-08 18:39:24,0.00,40,Village Area
2026-03-08 18:39:26,0.00,40,Village Area
2026-03-08 18:39:28,0.00,40,Village Area
2026-03-08 18:39:30,0.00,40,Village Area
2026-03-08 18:39:32,0.00,40,Village Area
2026-03-08 18:39:34,0.00,40,Village Area
2026-03-08 18:39:36,0.00,40,Village Area
2026-03-08 18:39:38,0.00,40,Village Area
2026-03-08 18:39:40,0.00,40,Village Area
2026-03-08 18:39:42,0.00,40,Village Area
2026-03-08 18:39:44,0.00,40,Village Area
2026-03-08 18:39:46,0.00,40,Village Area
2026-03-08 18:39:48,0.00,40,Village Area
2026-03-08 18:39:50,0.00,40,Village Area
2026-03-08 18:39:52,0.00,40,Village Area
2026-03-08 18:39:54,0.00,40,Village Area
2026-03-08 18:39:56,0.00,40,Village Area
2026-03-08 18:39:58,0.00,40,Village Area
2026-03-08 18:40:00,0.00,40,Village Area
2026-03-08 18:40:02,0.00,40,Village Area
2026-03-08 18:40:04,0.00,40,Village Area
2026-03-08 18:40:06,0.00,40,Village Area
2026-03-08 18:40:08,0.00,40,Village Area
2026-03-08 18:40:10,0.00,40,Village Area
2026-03-08 18:40:12,0.00,40,Village Area
2026-03-08 18:40:14,0.00,40,Village Area
2026-03-08 18:40:16,0.00,40,Village Area
2026-03-08 18:40:18,0.00,40,Village Area
2026-03-08 18:40:20,0.00,40,Village Area
2026-03-08 18:40:22,0.00,40,Village Area
2026-03-08 18:40:24,0.00,40,Village Area
2026-03-08 18:40:26,0.00,40,Village Area
2026-03-08 18:40:28,0.00,40,Village Area
2026-03-08 18:40:30,0.00,40,Village Area
2026-03-08 18:40:32,0.00,40,Village Area
2026-03-08 18:40:34,0.00,40,Village Area
2026-03-08 18:40:37,0.00,40,Village Area
2026-03-08 18:40:39,0.00,40,Village Area
2026-03-08 18:40:41,0.00,40,Village Area
2026-03-08 18:40:43,0.00,40,Village Area
2026-03-08 18:40:45,0.00,40,Village Area
2026-03-08 18:40:47,0.00,40,Village Area
2026-03-08 18:40:49,0.00,40,Village Area
2026-03-08 18:40:51,0.00,40,Village Area
2026-03-08 18:40:53,0.00,40,Village Area
2026-03-08 18:40:55,0.00,40,Village Area
2026-03-08 18:40:57,0.00,40,Village Area
2026-03-08 18:40:59,0.00,40,Village Area
2026-03-08 18:41:01,0.00,40,Village Area
2026-03-08 18:41:03,0.00,40,Village Area
2026-03-08 18:41:05,0.00,40,Village Area
2026-03-08 18:41:07,0.00,40,Village Area
2026-03-08 18:41:09,0.00,40,Village Area
2026-03-08 18:41:11,0.00,40,Village Area
2026-03-08 18:41:13,0.00,40,Village Area
2026-03-08 18:41:15,0.00,40,Village Area
2026-03-08 18:41:17,0.00,40,Village Area
2026-03-08 18:41:19,0.00,40,Village Area
2026-03-08 18:41:21,0.00,40,Village Area
2026-03-08 18:41:23,0.00,40,Village Area
2026-03-08 18:41:25,0.00,40,Village Area
2026-03-08 18:41:27,0.00,40,Village Area
2026-03-08 18:41:29,0.00,40,Village Area
2026-03-08 18:41:31,0.00,40,Village Area
2026-03-08 18:41:33,0.00,40,Village Area
2026-03-08 18:41:35,0.00,40,Village Area
2026-03-08 18:41:37,0.00,40,Village Area
2026-03-08 18:41:39,0.00,40,Village Area
2026-03-08 18:41:41,0.00,40,Village Area
2026-03-08 18:41:43,0.00,40,Village Area
2026-03-08 18:41:45,0.00,40,Village Area
2026-03-08 18:41:47,0.00,40,Village Area
2026-03-08 18:41:49,0.00,40,Village Area
2026-03-08 18:41:51,0.00,40,Village Area
2026-03-08 18:41:53,0.00,40,Village Area
2026-03-08 18:41:55,0.00,40,Village Area
2026-03-08 18:41:57,0.00,40,Village Area
2026-03-08 18:41:59,0.00,40,Village Area
2026-03-08 18:42:01,0.00,40,Village Area
2026-03-08 18:42:03,0.00,40,Village Area
2026-03-08 18:42:05,0.00,40,Village Area
2026-03-08 18:42:07,0.00,40,Village Area
2026-03-08 18:42:09,0.00,40,Village Area
2026-03-08 18:42:11,0.00,40,Village Area
2026-03-08 18:42:13,0.00,40,Village Area
2026-03-08 18:42:15,0.00,40,Village Area
2026-03-08 18:42:17,0.00,40,Village Area
2026-03-08 18:42:19,0.00,40,Village Area
2026-03-08 18:42:21,0.00,40,Village Area
2026-03-08 18:42:23,0.00,40,Village Area
2026-03-08 18:42:25,0.00,40,Village Area
2026-03-08 18:42:27,0.00,40,Village Area
2026-03-08 18:42:29,0.00,40,Village Area
2026-03-08 18:42:31,0.00,40,Village Area
2026-03-08 18:42:33,0.00,40,Village Area
2026-03-08 18:42:35,0.00,40,Village Area
2026-03-08 18:42:37,0.00,40,Village Area
2026-03-08 18:42:39,0.00,40,Village Area
2026-03-08 18:42:41,0.00,40,Village Area
2026-03-08 18:42:43,0.00,40,Village Area
2026-03-08 18:42:45,0.00,40,Village Area
2026-03-08 18:42:47,0.00,40,Village Area
2026-03-08 18:42:49,0.00,40,Village Area
2026-03-08 18:42:51,0.00,40,Village Area
2026-03-08 18:42:53,0.00,40,Village Area
2026-03-08 18:42:55,0.00,40,Village Area
2026-03-08 18:42:57,0.00,40,Village Area
2026-03-08 18:42:59,0.00,40,Village Area
2026-03-08 18:43:01,0.00,40,Village Area
2026-03-08 18:43:03,0.00,40,Village Area
2026-03-08 18:43:05,0.00,40,Village Area
2026-03-08 18:43:07,0.00,40,Village Area
2026-03-08 18:43:09,0.00,40,Village Area
2026-03-08 18:43:11,0.00,40,Village Area
2026-03-08 18:43:13,0.00,40,Village Area
2026-03-08 18:43:15,0.00,40,Village Area
2026-03-08 18:43:17,0.00,40,Village Area
2026-03-08 18:43:19,0.00,40,Village Area
2026-03-08 18:43:21,0.00,40,Village Area
2026-03-08 18:43:23,0.00,40,Village Area
2026-03-08 18:43:25,0.00,40,Village Area
2026-03-08 18:43:27,0.00,40,Village Area
2026-03-08 18:43:29,0.00,40,Village Area
2026-03-08 18:43:31,0.00,40,Village Area
2026-03-08 18:43:33,0.00,40,Village Area
2026-03-08 18:43:35,0.00,40,Village Area
2026-03-08 18:43:37,0.00,40,Village Area
2026-03-08 18:43:39,0.00,40,Village Area
2026-03-08 18:43:41,0.00,40,Village Area
2026-03-08 18:43:43,0.00,40,Village Area
2026-03-08 18:43:45,0.00,40,Village Area
2026-03-08 18:43:47,0.00,40,Village Area
2026-03-08 18:43:49,0.00,40,Village Area
2026-03-08 18:43:51,0.00,40,Village Area
2026-03-08 18:43:53,0.00,40,Village Area
2026-03-08 18:43:55,0.00,40,Village Area
2026-03-08 18:47:38,0.00,40,Village Area
2026-03-08 18:47:40,0.00,40,Village Area
2026-03-08 18:47:42,0.00,40,Village Area
2026-03-08 18:47:44,14.13,40,Village Area
2026-03-08 18:47:46,30.20,40,Village Area
2026-03-08 18:47:48,42.85,40,Village Area
2026-03-08 18:47:50,2.85,40,Village Area
2026-03-08 18:47:52,-15.00,40,Village Area
2026-03-08 18:47:54,-9.74,40,Village Area
2026-03-08 18:47:56,-1.67,40,Village Area
2026-03-08 18:47:58,0.00,40,Village Area
2026-03-08 18:48:00,0.00,40,Village Area
2026-03-08 18:48:02,0.00,40,Village Area
2026-03-08 18:48:04,0.00,40,Village Area
2026-03-08 18:48:06,0.00,40,Village Area
2026-03-08 18:48:08,0.00,40,Village Area
2026-03-08 18:50:09,0.00,40,Village Area
2026-03-08 18:50:11,0.00,40,Village Area
2026-03-08 18:50:13,0.00,40,Village Area
2026-03-08 18:50:15,0.00,40,Village Area
2026-03-08 18:50:17,6.22,40,Village Area
2026-03-08 18:50:19,22.30,40,Village Area
2026-03-08 18:50:21,38.35,40,Village Area
2026-03-08 18:50:23,33.65,40,Village Area
2026-03-08 18:50:25,0.00,40,Village Area
2026-03-08 18:50:27,0.00,40,Village Area
2026-03-08 18:50:29,0.00,40,Village Area
2026-03-08 18:51:02,0.00,40,Village Area
2026-03-08 18:51:04,0.00,40,Village Area
2026-03-08 18:51:06,0.00,40,Village Area
2026-03-08 18:51:08,0.00,40,Village Area
2026-03-08 18:52:43,0.00,40,Village Area
2026-03-08 18:52:45,0.00,40,Village Area
2026-03-08 18:52:47,0.00,40,Village Area
2026-03-08 18:52:49,0.00,40,Village Area
2026-03-08 18:52:51,0.00,40,Village Area
2026-03-08 18:52:53,0.00,40,Village Area
2026-03-08 18:52:55,0.00,40,Village Area
2026-03-08 18:55:05,0.00,40,Village Area
2026-03-08 18:55:07,0.00,40,Village Area
2026-03-08 18:55:09,0.00,40,Village Area
2026-03-08 18:55:11,0.00,40,Village Area
2026-03-08 18:55:13,0.00,40,Village Area
2026-03-08 18:56:15,0.00,40,Village Area
2026-03-08 18:56:17,0.00,40,Village Area
2026-03-08 18:56:19,0.00,40,Village Area
2026-03-08 18:56:21,0.00,40,Village Area
2026-03-08 18:56:23,10.27,40,Village Area
2026-03-08 18:56:25,24.77,40,Village Area
2026-03-08 18:56:27,40.87,40,Village Area
2026-03-08 18:56:29,36.81,40,Village Area
2026-03-08 18:56:51,0.00,40,Village Area
2026-03-08 18:56:53,0.00,40,Village Area
2026-03-08 18:56:55,0.00,40,Village Area
2026-03-08 18:56:57,0.00,40,Village Area
2026-03-08 18:56:59,0.00,40,Village Area
2026-03-08 18:57:01,0.00,40,Village Area
2026-03-08 18:57:03,0.00,40,Village Area
2026-03-08 18:57:05,0.00,40,Village Area
2026-03-08 18:57:07,0.00,40,Village Area
2026-03-08 18:57:09,0.00,40,Village Area
2026-03-08 18:57:11,0.00,40,Village Area
2026-03-08 18:57:13,0.00,40,Village Area
2026-03-08 18:57:15,0.00,40,Village Area
2026-03-08 18:57:17,0.00,40,Village Area
2026-03-08 18:57:20,0.00,40,Village Area
2026-03-08 18:57:22,0.00,40,Village Area
2026-03-08 18:57:24,0.00,40,Village Area
2026-03-08 18:57:26,0.00,40,Village Area
2026-03-08 18:57:28,0.00,40,Village Area
2026-03-08 18:57:30,0.00,40,Village Area
2026-03-08 18:57:32,0.00,40,Village Area
2026-03-08 18:57:34,0.00,40,Village Area
2026-03-08 18:57:36,0.00,40,Village Area
2026-03-08 18:57:38,0.00,40,Village Area
2026-03-08 18:57:40,0.00,40,Village Area
2026-03-08 18:57:42,0.00,40,Village Area
2026-03-08 18:57:44,0.00,40,Village Area
2026-03-08 18:58:41,0.00,40,Village Area
2026-03-08 18:58:43,0.00,40,Village Area
2026-03-08 18:58:45,5.18,40,Village Area
2026-03-08 18:58:47,21.20,40,Village Area
2026-03-08 18:58:49,37.28,40,Village Area
2026-03-08 18:58:51,53.30,40,Village Area
2026-03-08 18:58:53,65.30,40,Village Area
2026-03-08 18:58:55,37.40,40,Village Area
2026-03-08 18:59:29,0.00,40,Village Area
2026-03-08 18:59:31,0.00,40,Village Area
2026-03-08 18:59:33,0.00,40,Village Area
2026-03-08 18:59:35,0.00,40,Village Area
2026-03-08 18:59:37,0.00,40,Village Area
